timestamp,unix_time,hr_bpm,rr_intervals_ms,ecg_samples
2025-09-11 20:10:48,1757646648.721,83,725.6,
2025-09-11 20:10:49,1757646649.713,83,721.7,
2025-09-11 20:10:50,1757646650.702,83,722.7;739.3,
2025-09-11 20:10:51,1757646651.725,83,752.9,
2025-09-11 20:10:52,1757646652.771,82,738.3;749.0,
2025-09-11 20:10:53,1757646653.731,82,743.2,
2025-09-11 20:10:54,1757646654.730,82,737.3,
2025-09-11 20:10:55,1757646655.716,82,709.0;716.8,
2025-09-11 20:10:56,1757646656.703,82,700.2,
2025-09-11 20:10:57,1757646657.728,83,680.7;689.5,
2025-09-11 20:10:58,1757646658.711,83,696.3,
2025-09-11 20:10:59,1757646659.701,84,719.7,
2025-09-11 20:11:00,1757646660.722,84,746.1;729.5,
2025-09-11 20:11:01,1757646661.712,83,748.0,
2025-09-11 20:11:02,1757646662.705,83,752.9,
2025-09-11 20:11:03,1757646663.721,82,758.8;730.5,
2025-09-11 20:11:04,1757646664.742,82,740.2,
2025-09-11 20:11:05,1757646665.736,82,717.8;700.2,
2025-09-11 20:11:06,1757646666.725,82,676.8,
2025-09-11 20:11:07,1757646667.721,84,670.9;669.9,
2025-09-11 20:11:08,1757646668.708,84,658.2,
2025-09-11 20:11:09,1757646669.721,86,653.3;676.8,
2025-09-11 20:11:10,1757646670.711,86,672.9,
2025-09-11 20:11:11,1757646671.701,87,683.6;693.4,
2025-09-11 20:11:12,1757646672.721,87,704.1,
2025-09-11 20:11:13,1757646673.712,87,684.6,
2025-09-11 20:11:14,1757646674.703,87,701.2;703.1,
2025-09-11 20:11:15,1757646675.980,87,718.8,
2025-09-11 20:11:16,1757646676.970,86,732.4;711.9,
2025-09-11 20:11:17,1757646677.961,86,720.7,
2025-09-11 20:11:18,1757646678.948,85,699.2,
2025-09-11 20:11:19,1757646679.940,85,692.4;674.8,
2025-09-11 20:11:20,1757646680.936,86,687.5,
2025-09-11 20:11:21,1757646681.927,86,685.5;701.2,
2025-09-11 20:11:22,1757646682.907,86,704.1,
2025-09-11 20:11:23,1757646683.902,86,727.5,
2025-09-11 20:11:25,1757646685.877,85,727.5;750.0,
2025-09-11 20:11:25,1757646685.878,85,730.5,
2025-09-11 20:11:26,1757646686.875,84,754.9;743.2,
2025-09-11 20:11:27,1757646687.865,83,736.3,
2025-09-11 20:11:29,1757646689.837,83,711.9,
2025-09-11 20:11:30,1757646690.336,83,711.9;696.3,
2025-09-11 20:11:30,1757646690.831,84,704.1,
2025-09-11 20:11:31,1757646691.816,84,715.8;707.0,
2025-09-11 20:11:32,1757646692.810,84,728.5,
2025-09-11 20:11:33,1757646693.801,84,734.4,
2025-09-11 20:11:34,1757646694.787,83,755.9;739.3,
2025-09-11 20:11:35,1757646695.781,83,750.0,
2025-09-11 20:11:36,1757646696.767,83,753.9,
2025-09-11 20:11:37,1757646697.760,82,752.9;738.3,
2025-09-11 20:11:38,1757646698.753,82,760.7,
2025-09-11 20:11:39,1757646699.737,82,761.7,
2025-09-11 20:11:40,1757646700.729,81,752.0;723.6,
2025-09-11 20:11:41,1757646701.722,81,728.5,
2025-09-11 20:11:42,1757646702.715,81,727.5,
2025-09-11 20:11:43,1757646703.697,82,727.5;712.9,
2025-09-11 20:11:45,1757646705.181,82,728.5,
2025-09-11 20:11:46,1757646706.178,82,720.7,
2025-09-11 20:11:47,1757646707.169,82,726.6;723.6,
2025-09-11 20:11:48,1757646708.152,82,744.1,
2025-09-11 20:11:49,1757646709.142,82,752.9,
2025-09-11 20:11:50,1757646710.134,82,752.0;743.2,
2025-09-11 20:11:51,1757646711.130,82,763.7,
2025-09-11 20:11:52,1757646712.112,81,785.2,
2025-09-11 20:11:53,1757646713.102,81,746.1;752.9,
2025-09-11 20:11:54,1757646714.594,81,739.3,
2025-09-11 20:11:55,1757646715.088,81,743.2,
2025-09-11 20:11:56,1757646716.071,81,732.4;741.2,
2025-09-11 20:11:57,1757646717.063,81,740.2,
2025-09-11 20:11:58,1757646718.060,81,742.2;720.7,
2025-09-11 20:11:59,1757646719.047,81,708.0,
2025-09-11 20:12:00,1757646720.038,81,707.0,
2025-09-11 20:12:01,1757646721.022,82,720.7;712.9,
2025-09-11 20:12:02,1757646722.014,82,723.6,
2025-09-11 20:12:03,1757646723.002,82,717.8;717.8,
2025-09-11 20:12:03,1757646723.995,82,715.8,
2025-09-11 20:12:04,1757646724.983,83,710.9,
2025-09-11 20:12:05,1757646725.972,83,708.0;698.2,
2025-09-11 20:12:06,1757646726.962,83,675.8,
2025-09-11 20:12:07,1757646727.954,84,671.9;669.9,
2025-09-11 20:12:08,1757646728.942,85,670.9,
2025-09-11 20:12:09,1757646729.932,86,664.1;674.8,
2025-09-11 20:12:10,1757646730.930,87,671.9,
2025-09-11 20:12:11,1757646731.912,87,694.3;690.4,
2025-09-11 20:12:12,1757646732.902,87,717.8,
2025-09-11 20:12:13,1757646733.892,86,715.8;737.3,
2025-09-11 20:12:14,1757646734.885,86,701.2,
2025-09-11 20:12:15,1757646735.873,86,692.4;672.9,
2025-09-11 20:12:16,1757646736.863,86,656.2,
2025-09-11 20:12:17,1757646737.856,87,627.0;630.9,
2025-09-11 20:12:19,1757646739.832,89,630.9,
2025-09-11 20:12:19,1757646739.840,89,672.9,
2025-09-11 20:12:20,1757646740.823,89,732.4;743.2,
2025-09-11 20:12:21,1757646741.817,88,795.9,
2025-09-11 20:12:22,1757646742.802,87,788.1,
2025-09-11 20:12:23,1757646743.792,84,753.9;738.3,
2025-09-11 20:12:24,1757646744.782,84,704.1,
2025-09-11 20:12:25,1757646745.774,84,694.3;663.1,
2025-09-11 20:12:26,1757646746.767,85,657.2,
2025-09-11 20:12:27,1757646747.752,86,670.9;665.0,
2025-09-11 20:12:28,1757646748.743,86,671.9,
2025-09-11 20:12:29,1757646749.732,87,677.7;705.1,
2025-09-11 20:12:30,1757646750.723,87,709.0,
2025-09-11 20:12:31,1757646751.723,87,731.4,
2025-09-11 20:12:32,1757646752.702,86,740.2;722.7,
2025-09-11 20:12:34,1757646754.187,85,710.9,
2025-09-11 20:12:35,1757646755.177,85,687.5;696.3,
2025-09-11 20:12:36,1757646756.167,85,678.7,
2025-09-11 20:12:37,1757646757.166,86,684.6;675.8,
2025-09-11 20:12:38,1757646758.172,86,676.8,
2025-09-11 20:12:39,1757646759.137,87,683.6,
2025-09-11 20:12:40,1757646760.130,87,689.5;708.0,
2025-09-11 20:12:41,1757646761.124,87,691.4,
2025-09-11 20:12:42,1757646762.107,86,705.1;689.5,
2025-09-11 20:12:43,1757646763.104,87,659.2;649.4,
2025-09-11 20:12:44,1757646764.088,87,639.6,
2025-09-11 20:12:45,1757646765.085,89,638.7;634.8,
2025-09-11 20:12:46,1757646766.074,90,644.5,
2025-09-11 20:12:47,1757646767.068,90,660.2,
2025-09-11 20:12:48,1757646768.058,90,691.4;699.2,
2025-09-11 20:12:49,1757646769.049,90,724.6,
2025-09-11 20:12:50,1757646770.033,88,731.4;729.5,
2025-09-11 20:12:51,1757646771.027,87,701.2,
2025-09-11 20:12:52,1757646772.017,87,705.1;691.4,
2025-09-11 20:12:53,1757646773.006,86,698.2,
2025-09-11 20:12:53,1757646773.987,86,691.4,
2025-09-11 20:12:54,1757646774.982,86,714.8,
2025-09-11 20:12:55,1757646775.967,86,729.5;771.5,
2025-09-11 20:12:56,1757646776.961,85,814.5,
2025-09-11 20:12:57,1757646777.950,84,834.0,
2025-09-11 20:12:58,1757646778.937,81,820.3;798.8,
2025-09-11 20:12:59,1757646779.931,81,744.1,
2025-09-11 20:13:00,1757646780.920,80,736.3,
2025-09-11 20:13:01,1757646781.908,81,710.0;704.1,
2025-09-11 20:13:02,1757646782.900,81,687.5,
2025-09-11 20:13:03,1757646783.890,82,711.9;720.7,
2025-09-11 20:13:04,1757646784.880,82,737.3,
2025-09-11 20:13:05,1757646785.872,82,726.6,
2025-09-11 20:13:06,1757646786.857,82,725.6;692.4,
2025-09-11 20:13:08,1757646788.837,83,695.3,
2025-09-11 20:13:08,1757646788.850,84,673.8;678.7,
2025-09-11 20:13:10,1757646790.822,84,675.8,
2025-09-11 20:13:10,1757646790.822,85,679.7;656.2,
2025-09-11 20:13:11,1757646791.807,87,630.9;627.0,
2025-09-11 20:13:12,1757646792.798,88,631.8,
2025-09-11 20:13:13,1757646793.789,89,648.4,
2025-09-11 20:13:14,1757646794.777,90,685.5;752.9,
2025-09-11 20:13:15,1757646795.767,89,781.2,
2025-09-11 20:13:16,1757646796.757,87,781.2,
2025-09-11 20:13:17,1757646797.753,85,745.1;701.2,
2025-09-11 20:13:18,1757646798.737,85,665.0,
2025-09-11 20:13:20,1757646800.226,86,669.9;682.6,
2025-09-11 20:13:20,1757646800.717,86,680.7,
2025-09-11 20:13:21,1757646801.708,87,666.0;668.0,
2025-09-11 20:13:22,1757646802.697,87,666.0,
2025-09-11 20:13:24,1757646804.182,88,661.1;652.3,
2025-09-11 20:13:25,1757646805.172,88,652.3,
2025-09-11 20:13:26,1757646806.174,89,673.8;715.8,
2025-09-11 20:13:27,1757646807.159,89,728.5,
2025-09-11 20:13:28,1757646808.146,88,756.8,
2025-09-11 20:13:29,1757646809.136,86,770.5;773.4,
2025-09-11 20:13:30,1757646810.123,85,749.0,
2025-09-11 20:13:31,1757646811.118,84,726.6,
2025-09-11 20:13:33,1757646813.099,84,716.8;710.9,
2025-09-11 20:13:33,1757646813.099,84,704.1,
2025-09-11 20:13:34,1757646814.092,84,686.5;695.3,
2025-09-11 20:13:35,1757646815.081,84,700.2,
2025-09-11 20:13:36,1757646816.069,85,712.9,
2025-09-11 20:13:37,1757646817.058,85,705.1;720.7,
2025-09-11 20:13:38,1757646818.043,85,717.8,
2025-09-11 20:13:39,1757646819.036,84,727.5;707.0,
2025-09-11 20:13:40,1757646820.024,84,716.8,
2025-09-11 20:13:41,1757646821.012,84,710.0;706.1,
2025-09-11 20:13:42,1757646822.003,84,687.5,
2025-09-11 20:13:42,1757646822.993,84,688.5,
2025-09-11 20:13:43,1757646823.982,85,687.5;687.5,
2025-09-11 20:13:44,1757646824.972,85,672.9,
2025-09-11 20:13:45,1757646825.974,86,681.6;687.5,
2025-09-11 20:13:46,1757646826.963,86,700.2,
2025-09-11 20:13:47,1757646827.949,86,702.1;728.5,
2025-09-11 20:13:48,1757646828.937,86,711.9,
2025-09-11 20:13:49,1757646829.925,86,715.8,
2025-09-11 20:13:50,1757646830.912,85,690.4;685.5,
2025-09-11 20:13:51,1757646831.902,86,680.7,
2025-09-11 20:13:52,1757646832.904,86,694.3;677.7,
2025-09-11 20:13:53,1757646833.889,86,690.4,
2025-09-11 20:13:54,1757646834.878,87,693.4;700.2,
2025-09-11 20:13:55,1757646835.867,86,689.5,
2025-09-11 20:13:57,1757646837.355,86,693.4,
2025-09-11 20:13:57,1757646837.848,86,709.0;723.6,
2025-09-11 20:13:59,1757646839.822,86,736.3,
2025-09-11 20:13:59,1757646839.825,85,714.8;725.6,
2025-09-11 20:14:00,1757646840.812,85,709.0,
2025-09-11 20:14:01,1757646841.813,85,703.1;686.5,
2025-09-11 20:14:02,1757646842.801,85,689.5,
2025-09-11 20:14:03,1757646843.789,85,689.5,
2025-09-11 20:14:04,1757646844.775,86,710.0;698.2,
2025-09-11 20:14:05,1757646845.765,86,702.1,
2025-09-11 20:14:06,1757646846.753,86,692.4;689.5,
2025-09-11 20:14:07,1757646847.755,86,671.9,
2025-09-11 20:14:08,1757646848.741,86,669.9;667.0,
2025-09-11 20:14:09,1757646849.731,87,670.9,
2025-09-11 20:14:10,1757646850.718,88,660.2;665.0,
2025-09-11 20:14:11,1757646851.706,88,668.9,
2025-09-11 20:14:13,1757646853.192,88,694.3;703.1,
2025-09-11 20:14:14,1757646854.182,88,721.7,
2025-09-11 20:14:15,1757646855.170,87,721.7,
2025-09-11 20:14:16,1757646856.159,86,717.8;699.2,
2025-09-11 20:14:17,1757646857.147,86,699.2,
2025-09-11 20:14:18,1757646858.147,86,683.6;685.5,
2025-09-11 20:14:19,1757646859.134,86,679.7,
2025-09-11 20:14:20,1757646860.122,87,674.8;681.6,
2025-09-11 20:14:21,1757646861.109,87,711.9,
2025-09-11 20:14:22,1757646862.097,87,728.5,
2025-09-11 20:14:23,1757646863.088,86,714.8;723.6,
2025-09-11 20:14:24,1757646864.078,86,717.8,
2025-09-11 20:14:25,1757646865.067,85,716.8;707.0,
2025-09-11 20:14:26,1757646866.057,85,706.1,
2025-09-11 20:14:27,1757646867.056,85,695.3;686.5,
2025-09-11 20:14:28,1757646868.047,85,659.2,
2025-09-11 20:14:29,1757646869.034,87,636.7;614.3,
2025-09-11 20:14:30,1757646870.019,88,624.0,
2025-09-11 20:14:31,1757646871.007,90,621.1;646.5,
2025-09-11 20:14:31,1757646871.998,91,671.9,
2025-09-11 20:14:32,1757646872.987,91,671.9;672.9,
2025-09-11 20:14:33,1757646873.977,90,671.9,
2025-09-11 20:14:34,1757646874.967,90,674.8;661.1,
2025-09-11 20:14:35,1757646875.957,90,633.8;628.9,
2025-09-11 20:14:36,1757646876.947,91,628.9,
2025-09-11 20:14:37,1757646877.941,92,635.7;652.3,
2025-09-11 20:14:38,1757646878.930,92,655.3,
2025-09-11 20:14:39,1757646879.918,92,675.8,
2025-09-11 20:14:40,1757646880.913,91,695.3;754.9,
2025-09-11 20:14:41,1757646881.901,90,757.8,
2025-09-11 20:14:42,1757646882.894,88,766.6,
2025-09-11 20:14:44,1757646884.869,86,751.0;737.3,
2025-09-11 20:14:44,1757646884.870,85,706.1,
2025-09-11 20:14:45,1757646885.869,85,703.1;697.3,
2025-09-11 20:14:46,1757646886.847,85,705.1,
2025-09-11 20:14:48,1757646888.835,85,708.0,
2025-09-11 20:14:49,1757646889.322,85,725.6;752.9,
2025-09-11 20:14:49,1757646889.828,84,765.6,
2025-09-11 20:14:50,1757646890.817,84,767.6,
2025-09-11 20:14:51,1757646891.806,83,793.9,
2025-09-11 20:14:52,1757646892.797,82,790.0;786.1,
2025-09-11 20:14:53,1757646893.786,81,749.0,
2025-09-11 20:14:54,1757646894.776,81,716.8;708.0,
2025-09-11 20:14:55,1757646895.757,81,701.2,
2025-09-11 20:14:56,1757646896.759,82,699.2;689.5,
2025-09-11 20:14:57,1757646897.749,83,701.2,
2025-09-11 20:14:58,1757646898.728,83,710.9,
2025-09-11 20:14:59,1757646899.721,83,754.9;744.1,
2025-09-11 20:15:00,1757646900.712,83,766.6,
2025-09-11 20:15:01,1757646901.700,82,761.7,
2025-09-11 20:15:03,1757646903.193,82,760.7;723.6,
2025-09-11 20:15:04,1757646904.182,82,720.7,
2025-09-11 20:15:05,1757646905.166,82,708.0;700.2,
2025-09-11 20:15:06,1757646906.157,82,684.6,
2025-09-11 20:15:07,1757646907.142,83,690.4,
2025-09-11 20:15:08,1757646908.135,84,694.3;717.8,
2025-09-11 20:15:09,1757646909.133,84,711.9,
2025-09-11 20:15:10,1757646910.122,84,746.1,
2025-09-11 20:15:11,1757646911.103,83,761.7;779.3,
2025-09-11 20:15:12,1757646912.092,83,736.3,
2025-09-11 20:15:13,1757646913.090,82,741.2;725.6,
2025-09-11 20:15:14,1757646914.078,82,714.8,
2025-09-11 20:15:15,1757646915.066,82,684.6,
2025-09-11 20:15:16,1757646916.061,83,691.4;677.7,
2025-09-11 20:15:17,1757646917.050,84,706.1,
2025-09-11 20:15:18,1757646918.037,84,756.8,
2025-09-11 20:15:19,1757646919.030,83,788.1;763.7,
2025-09-11 20:15:20,1757646920.018,82,748.0,
2025-09-11 20:15:21,1757646921.006,82,718.8;710.0,
2025-09-11 20:15:22,1757646922.002,82,695.3,
2025-09-11 20:15:22,1757646922.985,83,704.1,
2025-09-11 20:15:23,1757646923.978,83,710.9;735.4,
2025-09-11 20:15:24,1757646924.962,83,710.9,
2025-09-11 20:15:25,1757646925.954,83,710.0;716.8,
2025-09-11 20:15:26,1757646926.949,83,719.7,
2025-09-11 20:15:27,1757646927.945,83,717.8,
2025-09-11 20:15:29,1757646929.417,84,687.5;682.6,
2025-09-11 20:15:29,1757646929.921,84,678.7,
2025-09-11 20:15:30,1757646930.913,85,696.3;701.2,
2025-09-11 20:15:31,1757646931.892,85,688.5,
2025-09-11 20:15:32,1757646932.882,85,698.2;709.0,
2025-09-11 20:15:33,1757646933.875,85,722.7,
2025-09-11 20:15:34,1757646934.869,85,733.4,
2025-09-11 20:15:35,1757646935.864,85,706.1;715.8,
2025-09-11 20:15:37,1757646937.843,85,714.8,
2025-09-11 20:15:37,1757646937.843,85,734.4,
2025-09-11 20:15:38,1757646938.822,84,728.5;718.8,
2025-09-11 20:15:39,1757646939.821,84,720.7,
2025-09-11 20:15:40,1757646940.815,84,737.3,
2025-09-11 20:15:41,1757646941.795,83,781.2;793.0,
2025-09-11 20:15:42,1757646942.783,82,756.8,
2025-09-11 20:15:43,1757646943.779,81,763.7;723.6,
2025-09-11 20:15:44,1757646944.775,81,705.1,
2025-09-11 20:15:45,1757646945.756,82,691.4;658.2,
2025-09-11 20:15:46,1757646946.751,83,663.1,
2025-09-11 20:15:47,1757646947.734,84,659.2,
2025-09-11 20:15:48,1757646948.735,85,679.7;695.3,
2025-09-11 20:15:49,1757646949.716,86,735.4,
2025-09-11 20:15:50,1757646950.714,85,773.4,
2025-09-11 20:15:51,1757646951.698,85,812.5,
2025-09-11 20:15:53,1757646953.177,82,830.1;818.4,
2025-09-11 20:15:54,1757646954.172,81,793.9,
2025-09-11 20:15:55,1757646955.168,81,752.9,
2025-09-11 20:15:56,1757646956.149,80,743.2;728.5,
2025-09-11 20:15:57,1757646957.638,80,726.6,
2025-09-11 20:15:58,1757646958.132,81,696.3;692.4,
2025-09-11 20:15:59,1757646959.129,82,686.5,
2025-09-11 20:16:00,1757646960.111,83,704.1;705.1,
2025-09-11 20:16:01,1757646961.107,83,703.1,
2025-09-11 20:16:02,1757646962.088,83,710.0,
2025-09-11 20:16:03,1757646963.089,83,729.5;738.3,
2025-09-11 20:16:04,1757646964.067,83,725.6,
2025-09-11 20:16:05,1757646965.064,83,724.6,
2025-09-11 20:16:06,1757646966.051,83,726.6;726.6,
2025-09-11 20:16:07,1757646967.037,83,723.6,
2025-09-11 20:16:08,1757646968.029,83,706.1;720.7,
2025-09-11 20:16:09,1757646969.022,83,729.5,
2025-09-11 20:16:10,1757646970.014,83,766.6,
2025-09-11 20:16:11,1757646971.001,83,747.1,
2025-09-11 20:16:11,1757646971.988,82,780.3;773.4,
2025-09-11 20:16:12,1757646972.987,81,779.3,
2025-09-11 20:16:13,1757646973.971,81,776.4,
2025-09-11 20:16:14,1757646974.962,80,757.8;745.1,
2025-09-11 20:16:15,1757646975.947,80,756.8,
2025-09-11 20:16:16,1757646976.945,80,749.0,
2025-09-11 20:16:17,1757646977.936,80,747.1;751.0,
2025-09-11 20:16:18,1757646978.917,80,735.4,
2025-09-11 20:16:19,1757646979.913,80,732.4,
2025-09-11 20:16:20,1757646980.911,81,738.3;748.0,
2025-09-11 20:16:21,1757646981.891,81,748.0,
2025-09-11 20:16:22,1757646982.877,81,768.6,
2025-09-11 20:16:23,1757646983.877,80,760.7;766.6,
2025-09-11 20:16:24,1757646984.860,80,742.2,
2025-09-11 20:16:25,1757646985.847,80,742.2;739.3,
2025-09-11 20:16:27,1757646987.840,80,738.3,
2025-09-11 20:16:27,1757646987.840,80,726.6,
2025-09-11 20:16:29,1757646989.819,80,742.2,
2025-09-11 20:16:29,1757646989.820,80,754.9;779.3,
2025-09-11 20:16:30,1757646990.801,80,758.8,
2025-09-11 20:16:31,1757646991.796,80,763.7;740.2,
2025-09-11 20:16:32,1757646992.782,80,709.0,
2025-09-11 20:16:34,1757646994.269,80,706.1,
2025-09-11 20:16:34,1757646994.761,81,694.3;696.3,
2025-09-11 20:16:35,1757646995.756,82,701.2,
2025-09-11 20:16:36,1757646996.739,82,726.6,
2025-09-11 20:16:37,1757646997.734,82,746.1;736.3,
2025-09-11 20:16:38,1757646998.730,82,763.7,
2025-09-11 20:16:39,1757646999.714,82,752.0;750.0,
2025-09-11 20:16:40,1757647000.698,81,711.9,
2025-09-11 20:16:42,1757647002.187,82,681.6;676.8,
2025-09-11 20:16:43,1757647003.172,83,668.9,
2025-09-11 20:16:44,1757647004.166,84,663.1;650.4,
2025-09-11 20:16:45,1757647005.164,85,635.7,
2025-09-11 20:16:46,1757647006.145,87,637.7;630.9,
2025-09-11 20:16:47,1757647007.142,88,636.7,
2025-09-11 20:16:48,1757647008.124,89,664.1,
2025-09-11 20:16:49,1757647009.112,89,739.3;818.4,
2025-09-11 20:16:50,1757647010.111,87,805.7,
2025-09-11 20:16:51,1757647011.094,85,775.4,
2025-09-11 20:16:52,1757647012.088,84,724.6;710.0,
2025-09-11 20:16:53,1757647013.077,84,685.5,
2025-09-11 20:16:54,1757647014.072,84,705.1;709.0,
2025-09-11 20:16:55,1757647015.061,84,716.8,
2025-09-11 20:16:56,1757647016.043,84,691.4;660.2,
2025-09-11 20:16:57,1757647017.043,85,671.9,
2025-09-11 20:16:58,1757647018.023,86,681.6,
2025-09-11 20:16:59,1757647019.021,86,709.0;710.9,
2025-09-11 20:17:00,1757647020.010,86,726.6,
2025-09-11 20:17:00,1757647020.998,85,731.4;738.3,
2025-09-11 20:17:01,1757647021.994,85,716.8,
2025-09-11 20:17:02,1757647022.977,84,727.5,
2025-09-11 20:17:03,1757647023.965,84,727.5;731.4,
2025-09-11 20:17:04,1757647024.965,84,708.0,
2025-09-11 20:17:05,1757647025.947,84,714.8;718.8,
2025-09-11 20:17:06,1757647026.942,84,731.4,
2025-09-11 20:17:07,1757647027.927,84,713.9,
2025-09-11 20:17:08,1757647028.913,84,735.4;737.3,
2025-09-11 20:17:09,1757647029.913,83,727.5,
2025-09-11 20:17:10,1757647030.895,83,734.4,
2025-09-11 20:17:11,1757647031.884,83,734.4;741.2,
2025-09-11 20:17:12,1757647032.885,83,712.9,
2025-09-11 20:17:13,1757647033.874,83,725.6;718.8,
2025-09-11 20:17:14,1757647034.860,83,709.0,
2025-09-11 20:17:15,1757647035.850,83,716.8,
2025-09-11 20:17:17,1757647037.823,83,716.8;716.8,
2025-09-11 20:17:17,1757647037.824,83,707.0,
2025-09-11 20:17:18,1757647038.817,83,710.9;719.7,
2025-09-11 20:17:19,1757647039.803,84,716.8,
2025-09-11 20:17:20,1757647040.802,84,725.6,
2025-09-11 20:17:21,1757647041.786,83,711.9;699.2,
2025-09-11 20:17:22,1757647042.781,84,713.9,
2025-09-11 20:17:23,1757647043.770,84,715.8,
2025-09-11 20:17:24,1757647044.764,84,740.2;733.4,
2025-09-11 20:17:25,1757647045.751,83,756.8,
2025-09-11 20:17:26,1757647046.744,83,762.7,
2025-09-11 20:17:27,1757647047.723,82,747.1;723.6,
2025-09-11 20:17:28,1757647048.713,82,728.5,
2025-09-11 20:17:29,1757647049.703,82,712.9;714.8,
2025-09-11 20:17:30,1757647050.693,83,709.0,
2025-09-11 20:17:32,1757647052.179,83,714.8,
2025-09-11 20:17:33,1757647053.171,83,730.5;752.0,
2025-09-11 20:17:34,1757647054.160,83,778.3,
2025-09-11 20:17:35,1757647055.147,82,754.9,
2025-09-11 20:17:36,1757647056.143,82,797.9,
2025-09-11 20:17:37,1757647057.133,81,808.6;801.8,
2025-09-11 20:17:38,1757647058.613,80,791.0,
2025-09-11 20:17:39,1757647059.117,79,793.0,
2025-09-11 20:17:40,1757647060.102,79,794.9;757.8,
2025-09-11 20:17:41,1757647061.099,79,772.5,
2025-09-11 20:17:42,1757647062.086,79,760.7,
2025-09-11 20:17:43,1757647063.079,79,767.6;746.1,
2025-09-11 20:17:44,1757647064.059,79,761.7,
2025-09-11 20:17:45,1757647065.059,79,771.5,
2025-09-11 20:17:46,1757647066.043,79,779.3,
2025-09-11 20:17:47,1757647067.036,79,749.0;769.5,
2025-09-11 20:17:48,1757647068.018,79,734.4,
2025-09-11 20:17:49,1757647069.018,79,729.5;696.3,
2025-09-11 20:17:50,1757647070.007,80,666.0,
2025-09-11 20:17:50,1757647070.989,81,683.6;703.1,
2025-09-11 20:17:51,1757647071.982,82,742.2,
2025-09-11 20:17:52,1757647072.970,82,724.6,
2025-09-11 20:17:53,1757647073.959,82,757.8;752.9,
2025-09-11 20:17:54,1757647074.949,82,754.9,
2025-09-11 20:17:55,1757647075.943,81,723.6,
2025-09-11 20:17:56,1757647076.935,81,732.4;726.6,
2025-09-11 20:17:57,1757647077.918,82,728.5,
2025-09-11 20:17:58,1757647078.920,82,717.8,
2025-09-11 20:17:59,1757647079.910,82,743.2;746.1,
2025-09-11 20:18:00,1757647080.888,82,765.6,
2025-09-11 20:18:01,1757647081.879,81,748.0,
2025-09-11 20:18:02,1757647082.870,81,775.4;791.0,
2025-09-11 20:18:03,1757647083.859,81,784.2,
2025-09-11 20:18:04,1757647084.863,80,754.9,
2025-09-11 20:18:06,1757647086.829,80,758.8;744.1,
2025-09-11 20:18:06,1757647086.830,80,752.9,
2025-09-11 20:18:08,1757647088.818,80,723.6,
2025-09-11 20:18:09,1757647089.309,80,748.0;753.9,
2025-09-11 20:18:10,1757647090.302,80,775.4,
2025-09-11 20:18:10,1757647090.791,80,748.0,
2025-09-11 20:18:11,1757647091.783,80,752.9;749.0,
2025-09-11 20:18:13,1757647093.765,80,734.4,
2025-09-11 20:18:14,1757647094.254,80,741.2,
2025-09-11 20:18:14,1757647094.754,80,739.3;719.7,
2025-09-11 20:18:16,1757647096.237,80,732.4,
2025-09-11 20:18:16,1757647096.738,81,715.8;719.7,
2025-09-11 20:18:17,1757647097.726,81,700.2,
2025-09-11 20:18:18,1757647098.713,81,697.3,
2025-09-11 20:18:19,1757647099.703,82,695.3;728.5,
2025-09-11 20:18:21,1757647101.184,83,764.6,
2025-09-11 20:18:22,1757647102.175,82,735.4,
2025-09-11 20:18:23,1757647103.168,82,760.7;741.2,
2025-09-11 20:18:24,1757647104.155,82,749.0,
2025-09-11 20:18:25,1757647105.147,82,720.7,
2025-09-11 20:18:26,1757647106.136,82,724.6;726.6,
2025-09-11 20:18:27,1757647107.128,82,709.0,
2025-09-11 20:18:28,1757647108.117,82,690.4;712.9,
2025-09-11 20:18:29,1757647109.109,83,703.1,
2025-09-11 20:18:30,1757647110.101,83,714.8,
2025-09-11 20:18:31,1757647111.093,83,708.0;732.4,
2025-09-11 20:18:32,1757647112.084,83,726.6,
2025-09-11 20:18:33,1757647113.100,83,725.6;691.4,
2025-09-11 20:18:34,1757647114.059,83,688.5,
2025-09-11 20:18:35,1757647115.049,84,683.6;681.6,
2025-09-11 20:18:36,1757647116.044,85,706.1,
2025-09-11 20:18:37,1757647117.028,85,717.8;718.8,
2025-09-11 20:18:38,1757647118.017,85,695.3,
2025-09-11 20:18:39,1757647119.006,85,667.0,
2025-09-11 20:18:39,1757647120.000,86,671.9;686.5,
2025-09-11 20:18:40,1757647120.987,86,692.4,
2025-09-11 20:18:41,1757647121.979,86,683.6;693.4,
2025-09-11 20:18:42,1757647122.963,86,679.7,
2025-09-11 20:18:43,1757647123.958,87,689.5,
2025-09-11 20:18:44,1757647124.949,87,708.0;738.3,
2025-09-11 20:18:45,1757647125.943,86,739.3,
2025-09-11 20:18:46,1757647126.929,85,826.2,
2025-09-11 20:18:47,1757647127.913,84,870.1,
2025-09-11 20:18:48,1757647128.903,83,891.6,
2025-09-11 20:18:49,1757647129.904,80,840.8;831.1,
2025-09-11 20:18:50,1757647130.896,79,818.4,
2025-09-11 20:18:51,1757647131.887,78,767.6,
2025-09-11 20:18:52,1757647132.876,78,773.4;761.7,
2025-09-11 20:18:53,1757647133.866,78,748.0,
2025-09-11 20:18:54,1757647134.855,79,699.2;686.5,
2025-09-11 20:18:55,1757647135.845,80,721.7,
2025-09-11 20:18:57,1757647137.825,80,730.5,
2025-09-11 20:18:57,1757647137.825,81,709.0;725.6,
2025-09-11 20:18:58,1757647138.810,81,730.5,
2025-09-11 20:18:59,1757647139.805,81,759.8,
2025-09-11 20:19:01,1757647141.287,81,752.0;778.3,
2025-09-11 20:19:01,1757647141.775,81,763.7,
2025-09-11 20:19:02,1757647142.768,80,780.3,
2025-09-11 20:19:03,1757647143.762,80,753.9,
2025-09-11 20:19:04,1757647144.755,80,767.6;770.5,
2025-09-11 20:19:05,1757647145.742,80,803.7,
2025-09-11 20:19:06,1757647146.727,79,757.8,
2025-09-11 20:19:07,1757647147.723,79,800.8;789.1,
2025-09-11 20:19:08,1757647148.710,79,767.6,
2025-09-11 20:19:09,1757647149.705,78,774.4,
2025-09-11 20:19:11,1757647151.179,78,782.2,
2025-09-11 20:19:12,1757647152.181,78,772.5;753.9,
2025-09-11 20:19:13,1757647153.169,78,765.6,
2025-09-11 20:19:14,1757647154.148,78,755.9;761.7,
2025-09-11 20:19:15,1757647155.152,78,721.7,
2025-09-11 20:19:16,1757647156.128,79,735.4,
2025-09-11 20:19:17,1757647157.121,79,745.1,
2025-09-11 20:19:18,1757647158.111,79,752.0;753.9,
2025-09-11 20:19:19,1757647159.103,79,777.3,
2025-09-11 20:19:20,1757647160.093,79,805.7,
2025-09-11 20:19:21,1757647161.083,79,789.1,
2025-09-11 20:19:22,1757647162.075,78,815.4;807.6,
2025-09-11 20:19:23,1757647163.068,78,800.8,
2025-09-11 20:19:24,1757647164.054,77,759.8;752.9,
2025-09-11 20:19:25,1757647165.044,78,726.6,
2025-09-11 20:19:26,1757647166.040,78,712.9,
2025-09-11 20:19:27,1757647167.029,79,711.9;725.6,
2025-09-11 20:19:28,1757647168.008,79,759.8,
2025-09-11 20:19:29,1757647169.506,80,769.5,
2025-09-11 20:19:29,1757647169.995,80,786.1,
2025-09-11 20:19:30,1757647170.992,79,799.8;801.8,
2025-09-11 20:19:31,1757647171.968,79,773.4,
2025-09-11 20:19:32,1757647172.966,78,789.1,
2025-09-11 20:19:33,1757647173.960,78,777.3;755.9,
2025-09-11 20:19:34,1757647174.938,78,741.2,
2025-09-11 20:19:35,1757647175.936,78,756.8,
2025-09-11 20:19:36,1757647176.927,78,763.7,
2025-09-11 20:19:37,1757647177.921,79,752.0;789.1,
2025-09-11 20:19:38,1757647178.904,78,815.4,
2025-09-11 20:19:39,1757647179.892,78,814.5;747.1,
2025-09-11 20:19:40,1757647180.880,78,709.0,
2025-09-11 20:19:41,1757647181.868,78,660.2,
2025-09-11 20:19:43,1757647183.362,80,659.2;679.7,
2025-09-11 20:19:43,1757647183.850,81,729.5,
2025-09-11 20:19:45,1757647185.837,82,809.6,
2025-09-11 20:19:45,1757647185.837,80,835.0;780.3,
2025-09-11 20:19:47,1757647187.821,80,741.2,
2025-09-11 20:19:47,1757647187.821,80,725.6,
2025-09-11 20:19:48,1757647188.802,80,722.7;741.2,
2025-09-11 20:19:50,1757647190.779,80,784.2,
2025-09-11 20:19:50,1757647190.780,80,825.2,
2025-09-11 20:19:51,1757647191.776,80,821.3,
2025-09-11 20:19:52,1757647192.766,79,778.3;741.2,
2025-09-11 20:19:53,1757647193.762,79,724.6,
2025-09-11 20:19:54,1757647194.740,79,728.5,
2025-09-11 20:19:55,1757647195.735,79,762.7,
2025-09-11 20:19:56,1757647196.729,79,809.6;843.8,
2025-09-11 20:19:57,1757647197.722,78,855.5,
2025-09-11 20:19:58,1757647198.699,78,848.6,
2025-09-11 20:20:00,1757647200.183,77,786.1;741.2,
2025-09-11 20:20:01,1757647201.680,77,731.4,
2025-09-11 20:20:02,1757647202.169,77,724.6,
2025-09-11 20:20:03,1757647203.167,78,752.0,
2025-09-11 20:20:04,1757647204.155,78,817.4,
2025-09-11 20:20:05,1757647205.145,77,883.8;853.5,
2025-09-11 20:20:06,1757647206.125,76,836.9,
2025-09-11 20:20:07,1757647207.115,76,855.5,
2025-09-11 20:20:08,1757647208.103,75,849.6,
2025-09-11 20:20:09,1757647209.095,75,831.1;782.2,
2025-09-11 20:20:10,1757647210.089,75,766.6,
2025-09-11 20:20:11,1757647211.073,75,753.9,
2025-09-11 20:20:12,1757647212.075,76,756.8;774.4,
2025-09-11 20:20:13,1757647213.061,76,763.7,
2025-09-11 20:20:14,1757647214.049,76,757.8,
2025-09-11 20:20:16,1757647216.034,76,745.1,
2025-09-11 20:20:16,1757647216.034,77,775.4,
2025-09-11 20:20:17,1757647217.027,77,820.3;878.9,
2025-09-11 20:20:18,1757647218.015,76,877.0,
2025-09-11 20:20:19,1757647219.004,75,796.9,
2025-09-11 20:20:19,1757647219.989,75,759.8;743.2,
2025-09-11 20:20:20,1757647220.974,76,732.4,
2025-09-11 20:20:21,1757647221.973,77,719.7;715.8,
2025-09-11 20:20:22,1757647222.961,78,716.8,
2025-09-11 20:20:23,1757647223.950,78,740.2,
2025-09-11 20:20:25,1757647225.428,79,742.2,
2025-09-11 20:20:25,1757647225.932,79,783.2;782.2,
2025-09-11 20:20:26,1757647226.928,79,774.4,
2025-09-11 20:20:27,1757647227.909,78,788.1,
2025-09-11 20:20:28,1757647228.903,78,804.7,
2025-09-11 20:20:29,1757647229.887,78,811.5;773.4,
2025-09-11 20:20:30,1757647230.874,77,793.0,
2025-09-11 20:20:31,1757647231.863,77,770.5,
2025-09-11 20:20:32,1757647232.860,77,741.2;742.2,
2025-09-11 20:20:33,1757647233.846,78,753.9,
2025-09-11 20:20:34,1757647234.834,78,759.8;736.3,
2025-09-11 20:20:36,1757647236.822,78,724.6,
2025-09-11 20:20:36,1757647236.835,79,717.8,
2025-09-11 20:20:37,1757647237.804,80,706.1;714.8,
2025-09-11 20:20:38,1757647238.801,80,703.1,
2025-09-11 20:20:40,1757647240.781,81,728.5;709.0,
2025-09-11 20:20:40,1757647240.781,81,716.8,
2025-09-11 20:20:41,1757647241.770,82,725.6,
2025-09-11 20:20:42,1757647242.756,82,715.8;720.7,
2025-09-11 20:20:43,1757647243.744,82,721.7,
2025-09-11 20:20:44,1757647244.740,82,731.4;710.0,
2025-09-11 20:20:45,1757647245.739,82,711.9,
2025-09-11 20:20:46,1757647246.722,83,715.8,
2025-09-11 20:20:47,1757647247.710,83,743.2,
2025-09-11 20:20:48,1757647248.708,82,748.0;771.5,
2025-09-11 20:20:50,1757647250.179,82,774.4,
2025-09-11 20:20:51,1757647251.180,82,787.1,
2025-09-11 20:20:52,1757647252.163,81,770.5;781.2,
2025-09-11 20:20:53,1757647253.164,80,768.6,
2025-09-11 20:20:54,1757647254.151,80,752.0,
2025-09-11 20:20:55,1757647255.135,80,729.5;741.2,
2025-09-11 20:20:56,1757647256.121,80,730.5,
2025-09-11 20:20:57,1757647257.120,80,721.7,
2025-09-11 20:20:58,1757647258.107,81,712.9;735.4,
2025-09-11 20:20:59,1757647259.097,81,758.8,
2025-09-11 20:21:00,1757647260.079,81,785.2,
2025-09-11 20:21:01,1757647261.069,81,792.0,
2025-09-11 20:21:02,1757647262.065,80,831.1;835.0,
2025-09-11 20:21:03,1757647263.051,79,829.1,
2025-09-11 20:21:04,1757647264.050,78,796.9,
2025-09-11 20:21:05,1757647265.031,77,799.8;786.1,
2025-09-11 20:21:07,1757647267.022,77,776.4,
2025-09-11 20:21:07,1757647267.024,77,750.0,
2025-09-11 20:21:08,1757647268.007,78,728.5;728.5,
2025-09-11 20:21:08,1757647268.995,78,747.1,
2025-09-11 20:21:10,1757647270.484,79,788.1,
2025-09-11 20:21:10,1757647270.984,79,797.9,
2025-09-11 20:21:11,1757647271.966,78,785.2;777.3,
2025-09-11 20:21:12,1757647272.952,78,764.6,
2025-09-11 20:21:13,1757647273.950,78,752.0;709.0,
2025-09-11 20:21:14,1757647274.933,78,696.3,
2025-09-11 20:21:15,1757647275.923,79,705.1,
2025-09-11 20:21:16,1757647276.923,80,729.5;747.1,
2025-09-11 20:21:17,1757647277.907,80,718.8,
2025-09-11 20:21:18,1757647278.890,80,741.2,
2025-09-11 20:21:19,1757647279.886,81,737.3;729.5,
2025-09-11 20:21:20,1757647280.871,81,729.5,
2025-09-11 20:21:21,1757647281.868,81,742.2,
2025-09-11 20:21:22,1757647282.851,81,745.1;742.2,
2025-09-11 20:21:23,1757647283.852,81,732.4,
2025-09-11 20:21:25,1757647285.825,81,744.1,
2025-09-11 20:21:25,1757647285.825,81,750.0;740.2,
2025-09-11 20:21:27,1757647287.812,81,730.5,
2025-09-11 20:21:27,1757647287.813,81,743.2;744.1,
2025-09-11 20:21:28,1757647288.797,81,733.4,
2025-09-11 20:21:29,1757647289.779,81,716.8,
2025-09-11 20:21:30,1757647290.779,81,720.7;706.1,
2025-09-11 20:21:31,1757647291.767,82,723.6,
2025-09-11 20:21:32,1757647292.754,82,767.6,
2025-09-11 20:21:34,1757647294.246,82,835.9,
2025-09-11 20:21:34,1757647294.729,80,823.2;773.4,
2025-09-11 20:21:35,1757647295.732,80,749.0,
2025-09-11 20:21:36,1757647296.715,80,695.3;660.2,
2025-09-11 20:21:37,1757647297.711,81,652.3,
2025-09-11 20:21:38,1757647298.696,83,664.1;674.8,
2025-09-11 20:21:40,1757647300.181,84,665.0,
2025-09-11 20:21:41,1757647301.179,85,669.9;676.8,
2025-09-11 20:21:42,1757647302.167,86,732.4,
2025-09-11 20:21:43,1757647303.150,86,779.3,
2025-09-11 20:21:44,1757647304.147,84,735.4;726.6,
2025-09-11 20:21:45,1757647305.136,84,695.3,
2025-09-11 20:21:46,1757647306.121,84,676.8;657.2,
2025-09-11 20:21:47,1757647307.104,85,657.2,
2025-09-11 20:21:48,1757647308.105,86,669.9;692.4,
2025-09-11 20:21:49,1757647309.087,87,712.9,
2025-09-11 20:21:50,1757647310.085,86,724.6;704.1,
2025-09-11 20:21:51,1757647311.071,86,683.6,
2025-09-11 20:21:52,1757647312.560,86,664.1;668.0,
2025-09-11 20:21:53,1757647313.045,87,669.9,
2025-09-11 20:21:54,1757647314.034,87,680.7,
2025-09-11 20:21:55,1757647315.035,87,705.1;741.2,
2025-09-11 20:21:56,1757647316.020,87,785.2,
2025-09-11 20:21:57,1757647317.004,86,773.4,
2025-09-11 20:21:58,1757647318.002,85,793.9,
2025-09-11 20:21:58,1757647318.986,83,787.1;740.2,
2025-09-11 20:21:59,1757647319.973,82,721.7,
2025-09-11 20:22:00,1757647320.964,82,702.1;703.1,
2025-09-11 20:22:01,1757647321.958,83,703.1,
2025-09-11 20:22:02,1757647322.943,83,699.2;693.4,
2025-09-11 20:22:03,1757647323.944,84,706.1,
2025-09-11 20:22:04,1757647324.926,84,717.8,
2025-09-11 20:22:05,1757647325.927,84,723.6;734.4,
2025-09-11 20:22:06,1757647326.913,84,734.4,
2025-09-11 20:22:07,1757647327.900,83,721.7;721.7,
2025-09-11 20:22:08,1757647328.897,83,703.1,
2025-09-11 20:22:09,1757647329.883,83,708.0,
2025-09-11 20:22:10,1757647330.864,84,689.5;689.5,
2025-09-11 20:22:11,1757647331.866,84,684.6,
2025-09-11 20:22:12,1757647332.851,85,688.5;656.2,
2025-09-11 20:22:14,1757647334.329,85,670.9,
2025-09-11 20:22:14,1757647334.831,86,687.5;696.3,
2025-09-11 20:22:16,1757647336.817,86,696.3,
2025-09-11 20:22:16,1757647336.827,86,720.7;705.1,
2025-09-11 20:22:17,1757647337.809,86,700.2,
2025-09-11 20:22:19,1757647339.781,86,690.4;688.5,
2025-09-11 20:22:19,1757647339.781,86,677.7,
2025-09-11 20:22:20,1757647340.764,86,677.7,
2025-09-11 20:22:21,1757647341.764,87,678.7;692.4,
2025-09-11 20:22:22,1757647342.747,87,704.1,
2025-09-11 20:22:23,1757647343.747,87,702.1,
2025-09-11 20:22:24,1757647344.733,86,727.5;738.3,
2025-09-11 20:22:25,1757647345.720,86,755.9,
2025-09-11 20:22:26,1757647346.706,84,742.2;748.0,
2025-09-11 20:22:27,1757647347.708,84,735.4,
2025-09-11 20:22:29,1757647349.194,84,715.8,
2025-09-11 20:22:30,1757647350.177,84,694.3;693.4,
2025-09-11 20:22:31,1757647351.163,84,711.9,
2025-09-11 20:22:32,1757647352.163,84,732.4,
2025-09-11 20:22:33,1757647353.148,84,757.8;759.8,
2025-09-11 20:22:34,1757647354.134,83,779.3,
2025-09-11 20:22:35,1757647355.121,82,774.4,
2025-09-11 20:22:36,1757647356.117,81,788.1;784.2,
2025-09-11 20:22:37,1757647357.108,81,765.6,
2025-09-11 20:22:38,1757647358.097,80,725.6;705.1,
2025-09-11 20:22:39,1757647359.093,81,685.5,
2025-09-11 20:22:40,1757647360.076,82,660.2;661.1,
2025-09-11 20:22:41,1757647361.075,83,686.5,
2025-09-11 20:22:42,1757647362.059,84,703.1,
2025-09-11 20:22:43,1757647363.046,84,744.1,
2025-09-11 20:22:44,1757647364.032,83,773.4;767.6,
2025-09-11 20:22:45,1757647365.022,83,763.7,
2025-09-11 20:22:46,1757647366.023,82,764.6,
2025-09-11 20:22:47,1757647367.003,82,760.7;724.6,
2025-09-11 20:22:48,1757647368.995,81,726.6,
2025-09-11 20:22:48,1757647368.995,82,723.6;710.9,
2025-09-11 20:22:49,1757647369.985,82,707.0,
2025-09-11 20:22:50,1757647370.971,82,724.6,
2025-09-11 20:22:51,1757647371.956,82,754.9;749.0,
2025-09-11 20:22:52,1757647372.943,82,753.9,
2025-09-11 20:22:53,1757647373.944,82,730.5;722.7,
2025-09-11 20:22:54,1757647374.927,82,695.3,
2025-09-11 20:22:55,1757647375.912,82,678.7,
2025-09-11 20:22:56,1757647376.913,83,677.7;678.7,
2025-09-11 20:22:57,1757647377.898,84,670.9,
2025-09-11 20:22:58,1757647378.883,85,661.1;675.8,
2025-09-11 20:22:59,1757647379.884,86,666.0;655.3,
2025-09-11 20:23:00,1757647380.869,87,658.2,
2025-09-11 20:23:01,1757647381.867,88,660.2;645.5,
2025-09-11 20:23:02,1757647382.851,88,647.5,
2025-09-11 20:23:03,1757647383.837,90,639.6;625.0,
2025-09-11 20:23:05,1757647385.826,90,620.1,
2025-09-11 20:23:05,1757647385.826,92,616.2;617.2,
2025-09-11 20:23:06,1757647386.814,94,608.4;604.5,
2025-09-11 20:23:07,1757647387.797,95,599.6,
2025-09-11 20:23:08,1757647388.783,96,597.7,
2025-09-11 20:23:09,1757647389.784,97,585.9;1158.2,
2025-09-11 20:23:10,1757647390.768,99,573.2;577.1,
2025-09-11 20:23:11,1757647391.767,100,582.0,
2025-09-11 20:23:12,1757647392.756,101,582.0;591.8,
2025-09-11 20:23:13,1757647393.740,102,594.7;598.6,
2025-09-11 20:23:14,1757647394.731,101,599.6,
2025-09-11 20:23:15,1757647395.716,100,607.4;610.4;612.3,
2025-09-11 20:23:16,1757647396.704,100,499.0,
2025-09-11 20:23:17,1757647397.704,100,691.4,
2025-09-11 20:23:19,1757647399.178,99,584.0;574.2,
2025-09-11 20:23:20,1757647400.182,101,587.9;585.0;603.5,
2025-09-11 20:23:21,1757647401.169,101,,
2025-09-11 20:23:22,1757647402.155,101,770.5,
2025-09-11 20:23:23,1757647403.141,102,461.9;883.8,
2025-09-11 20:23:24,1757647404.632,102,,
2025-09-11 20:23:25,1757647405.132,102,1185.5,
2025-09-11 20:23:26,1757647406.118,102,456.1;1823.2,
2025-09-11 20:23:27,1757647407.607,102,316.4,
2025-09-11 20:23:28,1757647408.093,102,855.5;578.1,
2025-09-11 20:23:29,1757647409.081,103,569.3;565.4,
2025-09-11 20:23:30,1757647410.082,104,558.6;552.7,
2025-09-11 20:23:31,1757647411.562,105,554.7,
2025-09-11 20:23:32,1757647412.062,106,554.7;563.5,
2025-09-11 20:23:33,1757647413.048,106,588.9;619.1,
2025-09-11 20:23:34,1757647414.033,105,634.8,
2025-09-11 20:23:35,1757647415.033,103,667.0,
2025-09-11 20:23:36,1757647416.017,98,689.5;698.2,
2025-09-11 20:23:37,1757647417.002,95,670.9;660.2,
2025-09-11 20:23:38,1757647418.002,94,659.2,
2025-09-11 20:23:38,1757647418.985,93,645.5;623.0,
2025-09-11 20:23:39,1757647419.973,93,611.3,
2025-09-11 20:23:40,1757647420.961,95,610.4;610.4,
2025-09-11 20:23:41,1757647421.950,96,617.2;619.1,
2025-09-11 20:23:42,1757647422.951,96,626.0,
2025-09-11 20:23:43,1757647423.936,96,667.0,
2025-09-11 20:23:44,1757647424.935,94,704.1;714.8,
2025-09-11 20:23:45,1757647425.920,92,706.1,
2025-09-11 20:23:46,1757647426.905,90,712.9;709.0,
2025-09-11 20:23:47,1757647427.889,89,692.4,
2025-09-11 20:23:49,1757647429.375,89,667.0;659.2,
2025-09-11 20:23:49,1757647429.877,89,662.1,
2025-09-11 20:23:50,1757647430.859,89,665.0;661.1,
2025-09-11 20:23:51,1757647431.862,90,677.7,
2025-09-11 20:23:52,1757647432.846,90,712.9,
2025-09-11 20:23:54,1757647434.828,89,782.2,
2025-09-11 20:23:54,1757647434.828,86,782.2;807.6,
2025-09-11 20:23:56,1757647436.811,85,799.8,
2025-09-11 20:23:56,1757647436.811,83,759.8;729.5,
2025-09-11 20:23:57,1757647437.788,83,689.5,
2025-09-11 20:23:58,1757647438.790,84,673.8;644.5;632.8,
2025-09-11 20:23:59,1757647439.772,86,462.9,
2025-09-11 20:24:00,1757647440.759,89,462.9;288.1,
2025-09-11 20:24:01,1757647441.759,90,585.0;583.0,
2025-09-11 20:24:02,1757647442.749,94,578.1;571.3,
2025-09-11 20:24:03,1757647443.731,96,562.5,
2025-09-11 20:24:05,1757647445.722,100,565.4;564.5,
2025-09-11 20:24:05,1757647445.723,102,566.4;572.3,
2025-09-11 20:24:06,1757647446.698,104,567.4;578.1;590.8,
2025-09-11 20:24:08,1757647448.193,104,,
2025-09-11 20:24:09,1757647449.177,103,615.2;613.3,
2025-09-11 20:24:10,1757647450.174,102,637.7,
2025-09-11 20:24:11,1757647451.663,99,635.7;662.1,
2025-09-11 20:24:12,1757647452.145,98,648.4,
2025-09-11 20:24:13,1757647453.145,96,638.7;632.8,
2025-09-11 20:24:14,1757647454.630,96,645.5,
2025-09-11 20:24:15,1757647455.115,95,649.4;655.3,
2025-09-11 20:24:16,1757647456.118,94,666.0,
2025-09-11 20:24:17,1757647457.101,93,677.7;687.5,
2025-09-11 20:24:18,1757647458.592,92,690.4,
2025-09-11 20:24:19,1757647459.578,91,668.9;664.1,
2025-09-11 20:24:20,1757647460.063,91,650.4;653.3,
2025-09-11 20:24:21,1757647461.065,91,644.5,
2025-09-11 20:24:22,1757647462.048,92,633.8;633.8,
2025-09-11 20:24:23,1757647463.034,92,636.7,
2025-09-11 20:24:24,1757647464.036,93,629.9;621.1,
2025-09-11 20:24:25,1757647465.023,93,619.1,
2025-09-11 20:24:26,1757647466.008,94,633.8;649.4,
2025-09-11 20:24:26,1757647466.994,94,647.5,
2025-09-11 20:24:28,1757647468.984,94,652.3;677.7,
2025-09-11 20:24:28,1757647468.999,91,696.3;726.6;502.0,
2025-09-11 20:24:29,1757647469.977,90,461.9,
2025-09-11 20:24:30,1757647470.963,91,466.8;662.1,
2025-09-11 20:24:31,1757647471.946,91,471.7,
2025-09-11 20:24:32,1757647472.945,92,805.7,
2025-09-11 20:24:33,1757647473.929,93,611.3;604.5,
2025-09-11 20:24:34,1757647474.926,93,1110.4;511.7,
2025-09-11 20:24:35,1757647475.908,93,742.2,
2025-09-11 20:24:36,1757647476.893,94,606.4;605.5;297.9,
2025-09-11 20:24:37,1757647477.891,94,308.6,
2025-09-11 20:24:38,1757647478.874,94,606.4,
2025-09-11 20:24:39,1757647479.872,94,599.6;610.4,
2025-09-11 20:24:40,1757647480.854,97,603.5;598.6;598.6,
2025-09-11 20:24:42,1757647482.345,98,276.4;323.2,
2025-09-11 20:24:42,1757647482.844,99,601.6,
2025-09-11 20:24:44,1757647484.826,99,600.6;604.5,
2025-09-11 20:24:44,1757647484.827,99,600.6;608.4,
2025-09-11 20:24:46,1757647486.796,99,403.3,
2025-09-11 20:24:46,1757647486.797,99,854.5,
2025-09-11 20:24:47,1757647487.796,96,704.1;682.6;649.4,
2025-09-11 20:24:48,1757647488.781,96,,
2025-09-11 20:24:49,1757647489.765,94,654.3;656.2,
2025-09-11 20:24:50,1757647490.766,94,637.7;641.6,
2025-09-11 20:24:51,1757647491.748,94,635.7;629.9;623.0,
2025-09-11 20:24:52,1757647492.733,94,,
2025-09-11 20:24:55,1757647495.210,94,584.0,
2025-09-11 20:24:55,1757647495.216,96,641.6;608.4;595.7,
2025-09-11 20:24:56,1757647496.208,96,585.0,
2025-09-11 20:24:56,1757647496.708,100,577.1;567.4;566.4,
2025-09-11 20:24:58,1757647498.187,102,561.5;308.6,
2025-09-11 20:24:59,1757647499.174,102,,
2025-09-11 20:25:00,1757647500.159,102,,
2025-09-11 20:25:01,1757647501.161,103,452.1,
2025-09-11 20:25:02,1757647502.144,103,478.5,
2025-09-11 20:25:03,1757647503.143,104,2710.0,
2025-09-11 20:25:04,1757647504.131,105,700.2;739.3,
2025-09-11 20:25:05,1757647505.111,105,762.7,
2025-09-11 20:25:06,1757647506.113,104,720.7,
2025-09-11 20:25:07,1757647507.095,103,695.3;824.2,
2025-09-11 20:25:08,1757647508.080,98,813.5,
2025-09-11 20:25:09,1757647509.069,88,721.7;651.4,
2025-09-11 20:25:10,1757647510.067,89,624.0;610.4,
2025-09-11 20:25:11,1757647511.053,90,597.7,
2025-09-11 20:25:12,1757647512.039,93,583.0;578.1,
2025-09-11 20:25:13,1757647513.041,96,575.2;571.3,
2025-09-11 20:25:14,1757647514.028,99,564.5;554.7,
2025-09-11 20:25:15,1757647515.014,102,550.8;551.8,
2025-09-11 20:25:16,1757647516.002,105,551.8;544.9,
2025-09-11 20:25:17,1757647517.002,107,542.0;545.9,
2025-09-11 20:25:17,1757647517.988,108,281.2;257.8,
2025-09-11 20:25:18,1757647518.977,109,565.4;601.6,
2025-09-11 20:25:19,1757647519.961,110,336.9;324.2,
2025-09-11 20:25:20,1757647520.960,110,800.8;776.4,
2025-09-11 20:25:21,1757647521.940,110,581.1,
2025-09-11 20:25:22,1757647522.943,110,891.6,
2025-09-11 20:25:23,1757647523.931,110,691.4;675.8,
2025-09-11 20:25:24,1757647524.920,110,651.4,
2025-09-11 20:25:25,1757647525.905,108,631.8;625.0,
2025-09-11 20:25:26,1757647526.901,105,631.8,
2025-09-11 20:25:27,1757647527.890,101,647.5;653.3,
2025-09-11 20:25:28,1757647528.875,100,653.3,
2025-09-11 20:25:29,1757647529.861,97,654.3;645.5,
2025-09-11 20:25:30,1757647530.858,96,626.0,
2025-09-11 20:25:32,1757647532.344,96,609.4;610.4,
2025-09-11 20:25:32,1757647532.841,97,599.6;604.5,
2025-09-11 20:25:34,1757647534.813,97,602.5,
2025-09-11 20:25:34,1757647534.813,98,606.4;609.4,
2025-09-11 20:25:35,1757647535.799,99,600.6;592.8;396.5,
2025-09-11 20:25:36,1757647536.800,99,765.6,
2025-09-11 20:25:37,1757647537.787,99,585.0,
2025-09-11 20:25:38,1757647538.769,100,580.1;581.1,
2025-09-11 20:25:39,1757647539.772,101,593.8,
2025-09-11 20:25:40,1757647540.753,100,620.1;642.6,
2025-09-11 20:25:41,1757647541.752,99,668.9,
2025-09-11 20:25:42,1757647542.736,96,693.4;657.2,
2025-09-11 20:25:43,1757647543.719,94,644.5;627.0,
2025-09-11 20:25:44,1757647544.720,94,611.3,
2025-09-11 20:25:45,1757647545.705,95,604.5;600.6,
2025-09-11 20:25:46,1757647546.703,97,611.3;598.6,
2025-09-11 20:25:48,1757647548.179,97,585.9,
2025-09-11 20:25:49,1757647549.167,99,580.1;583.0,
2025-09-11 20:25:50,1757647550.156,100,587.9;591.8,
2025-09-11 20:25:51,1757647551.157,101,603.5,
2025-09-11 20:25:52,1757647552.143,100,640.6;680.7,
2025-09-11 20:25:53,1757647553.131,98,695.3,
2025-09-11 20:25:54,1757647554.119,96,698.2,
2025-09-11 20:25:55,1757647555.109,93,715.8;717.8,
2025-09-11 20:25:56,1757647556.094,91,686.5,
2025-09-11 20:25:57,1757647557.094,90,672.9;672.9,
2025-09-11 20:25:58,1757647558.079,90,665.0,
2025-09-11 20:25:59,1757647559.069,90,667.0;708.0,
2025-09-11 20:26:00,1757647560.067,89,719.7,
2025-09-11 20:26:01,1757647561.051,89,731.4,
2025-09-11 20:26:02,1757647562.036,87,757.8;756.8,
2025-09-11 20:26:03,1757647563.037,86,728.5,
2025-09-11 20:26:04,1757647564.023,85,722.7;701.2,
2025-09-11 20:26:05,1757647565.008,85,657.2,
2025-09-11 20:26:06,1757647566.008,86,640.6;624.0,
2025-09-11 20:26:06,1757647566.996,87,695.3,
2025-09-11 20:26:07,1757647567.980,89,653.3;631.8;616.2,
2025-09-11 20:26:08,1757647568.979,90,606.4,
2025-09-11 20:26:09,1757647569.964,90,,
2025-09-11 20:26:10,1757647570.953,93,299.8;876.0,
2025-09-11 20:26:12,1757647572.436,94,1146.5;571.3,
2025-09-11 20:26:12,1757647572.934,95,580.1,
2025-09-11 20:26:13,1757647573.919,97,594.7;604.5,
2025-09-11 20:26:14,1757647574.904,98,639.6,
2025-09-11 20:26:15,1757647575.902,96,679.7;671.9,
2025-09-11 20:26:16,1757647576.886,95,679.7,
2025-09-11 20:26:17,1757647577.884,93,697.3;710.0,
2025-09-11 20:26:19,1757647579.372,92,710.0,
2025-09-11 20:26:20,1757647580.353,90,694.3,
2025-09-11 20:26:20,1757647580.854,89,701.2;705.1,
2025-09-11 20:26:21,1757647581.836,89,721.7,
2025-09-11 20:26:23,1757647583.822,88,725.6,
2025-09-11 20:26:23,1757647583.822,86,764.6;775.4,
2025-09-11 20:26:25,1757647585.806,85,771.5,
2025-09-11 20:26:25,1757647585.807,84,734.4;748.0,
2025-09-11 20:26:26,1757647586.793,83,726.6,
2025-09-11 20:26:27,1757647587.781,83,716.8,
2025-09-11 20:26:28,1757647588.777,83,748.0;745.1,
2025-09-11 20:26:29,1757647589.764,83,745.1,
2025-09-11 20:26:30,1757647590.752,82,715.8,
2025-09-11 20:26:31,1757647591.740,82,729.5;730.5,
2025-09-11 20:26:32,1757647592.725,82,713.9,
2025-09-11 20:26:33,1757647593.722,83,713.9,
2025-09-11 20:26:34,1757647594.705,83,718.8;737.3,
2025-09-11 20:26:35,1757647595.694,83,730.5,
2025-09-11 20:26:37,1757647597.193,83,744.1;775.4,
2025-09-11 20:26:38,1757647598.177,82,725.6,
2025-09-11 20:26:39,1757647599.161,82,697.3,
2025-09-11 20:26:40,1757647600.161,83,707.0;731.4,
2025-09-11 20:26:41,1757647601.143,83,729.5,
2025-09-11 20:26:42,1757647602.141,83,725.6,
2025-09-11 20:26:43,1757647603.126,82,759.8;757.8,
2025-09-11 20:26:44,1757647604.123,82,737.3,
2025-09-11 20:26:45,1757647605.111,82,740.2,
2025-09-11 20:26:46,1757647606.095,82,763.7;789.1,
2025-09-11 20:26:47,1757647607.080,81,772.5,
2025-09-11 20:26:48,1757647608.082,81,769.5,
2025-09-11 20:26:49,1757647609.068,80,793.9,
2025-09-11 20:26:50,1757647610.053,79,818.4;806.6,
2025-09-11 20:26:51,1757647611.039,79,791.0,
2025-09-11 20:26:52,1757647612.037,79,821.3,
2025-09-11 20:26:53,1757647613.024,78,833.0,
2025-09-11 20:26:54,1757647614.009,78,836.9,
2025-09-11 20:26:55,1757647615.008,76,826.2;844.7,
2025-09-11 20:26:55,1757647615.991,76,850.6,
2025-09-11 20:26:56,1757647616.993,76,803.7,
2025-09-11 20:26:57,1757647617.973,75,814.5,
2025-09-11 20:26:58,1757647618.972,75,799.8;763.7,
2025-09-11 20:26:59,1757647619.957,75,757.8,
2025-09-11 20:27:00,1757647620.939,76,756.8,
2025-09-11 20:27:01,1757647621.937,76,777.3;729.5,
2025-09-11 20:27:03,1757647623.920,77,736.3,
2025-09-11 20:27:03,1757647623.920,77,762.7,
2025-09-11 20:27:04,1757647624.905,77,786.1;736.3,
2025-09-11 20:27:05,1757647625.892,78,717.8;685.5,
2025-09-11 20:27:07,1757647627.374,80,349.6;310.5,
2025-09-11 20:27:07,1757647627.872,82,626.0;612.3;334.0,
2025-09-11 20:27:08,1757647628.871,82,269.5,
2025-09-11 20:27:09,1757647629.855,83,618.2;619.1,
2025-09-11 20:27:10,1757647630.841,87,605.5;602.5,
2025-09-11 20:27:11,1757647631.842,89,596.7,
2025-09-11 20:27:13,1757647633.812,93,603.5;595.7,
2025-09-11 20:27:13,1757647633.813,95,590.8;599.6,
2025-09-11 20:27:15,1757647635.794,96,616.2,
2025-09-11 20:27:15,1757647635.794,97,633.8;644.5,
2025-09-11 20:27:16,1757647636.792,96,655.3,
2025-09-11 20:27:17,1757647637.780,95,674.8,
2025-09-11 20:27:18,1757647638.766,93,694.3;686.5,
2025-09-11 20:27:19,1757647639.763,92,709.0,
2025-09-11 20:27:20,1757647640.746,90,712.9;698.2,
2025-09-11 20:27:21,1757647641.733,89,700.2,
2025-09-11 20:27:22,1757647642.733,88,702.1;682.6,
2025-09-11 20:27:23,1757647643.716,88,661.1,
2025-09-11 20:27:24,1757647644.713,90,642.6;617.2;672.9,
2025-09-11 20:27:25,1757647645.700,91,482.4,
2025-09-11 20:27:27,1757647647.182,93,774.4;617.2,
2025-09-11 20:27:28,1757647648.170,95,610.4;366.2,
2025-09-11 20:27:29,1757647649.168,95,,
2025-09-11 20:27:30,1757647650.153,96,838.9;607.4,
2025-09-11 20:27:31,1757647651.136,96,602.5,
2025-09-11 20:27:32,1757647652.632,97,623.0;647.5,
2025-09-11 20:27:33,1757647653.118,96,716.8,
2025-09-11 20:27:34,1757647654.118,95,725.6,
2025-09-11 20:27:35,1757647655.106,88,792.0;786.1;733.4,
2025-09-11 20:27:36,1757647656.090,86,497.1,
2025-09-11 20:27:37,1757647657.571,84,927.7,
2025-09-11 20:27:38,1757647658.070,82,688.5,
2025-09-11 20:27:39,1757647659.057,84,661.1;652.3,
2025-09-11 20:27:40,1757647660.059,85,635.7,
2025-09-11 20:27:41,1757647661.041,88,646.5;630.9,
2025-09-11 20:27:42,1757647662.030,90,624.0;623.0,
2025-09-11 20:27:43,1757647663.021,91,624.0,
2025-09-11 20:27:44,1757647664.006,92,627.9;630.9,
2025-09-11 20:27:45,1757647665.004,93,646.5,
2025-09-11 20:27:45,1757647665.988,93,642.6;683.6,
2025-09-11 20:27:46,1757647666.989,92,689.5,
2025-09-11 20:27:47,1757647667.972,91,736.3;718.8,
2025-09-11 20:27:48,1757647668.955,89,698.2,
2025-09-11 20:27:49,1757647669.957,89,655.3;663.1,
2025-09-11 20:27:50,1757647670.941,89,658.2;645.5,
2025-09-11 20:27:51,1757647671.926,90,640.6;304.7,
2025-09-11 20:27:53,1757647673.911,91,323.2,
2025-09-11 20:27:53,1757647673.911,92,623.0;628.9;627.9,
2025-09-11 20:27:54,1757647674.898,92,,
2025-09-11 20:27:55,1757647675.885,93,427.7,
2025-09-11 20:27:56,1757647676.887,94,1496.1;648.4,
2025-09-11 20:27:57,1757647677.871,94,629.9,
2025-09-11 20:27:58,1757647678.855,94,645.5;650.4,
2025-09-11 20:27:59,1757647679.857,94,652.3,
2025-09-11 20:28:00,1757647680.837,93,650.4;638.7,
2025-09-11 20:28:01,1757647681.825,93,630.9,
2025-09-11 20:28:03,1757647683.814,94,645.5;639.6,
2025-09-11 20:28:03,1757647683.820,94,627.0;618.2,
2025-09-11 20:28:04,1757647684.796,94,610.4,
2025-09-11 20:28:05,1757647685.799,95,605.5;608.4,
2025-09-11 20:28:06,1757647686.784,96,607.4,
2025-09-11 20:28:07,1757647687.766,97,615.2;639.6,
2025-09-11 20:28:08,1757647688.765,95,689.5;749.0,
2025-09-11 20:28:09,1757647689.751,95,,
2025-09-11 20:28:10,1757647690.745,93,694.3,
2025-09-11 20:28:11,1757647691.727,90,754.9;887.7,
2025-09-11 20:28:12,1757647692.725,84,900.4,
2025-09-11 20:28:13,1757647693.711,81,825.2;716.8,
2025-09-11 20:28:14,1757647694.696,81,649.4,
2025-09-11 20:28:16,1757647696.179,83,624.0;613.3,
2025-09-11 20:28:18,1757647698.164,86,611.3;602.5,
2025-09-11 20:28:18,1757647698.178,88,598.6,
2025-09-11 20:28:19,1757647699.159,91,610.4;612.3,
2025-09-11 20:28:20,1757647700.142,92,611.3,
2025-09-11 20:28:21,1757647701.129,94,617.2;655.3,
2025-09-11 20:28:22,1757647702.125,94,684.6,
2025-09-11 20:28:23,1757647703.122,92,682.6;692.4,
2025-09-11 20:28:24,1757647704.105,91,704.1,
2025-09-11 20:28:25,1757647705.102,90,712.9;680.7,
2025-09-11 20:28:26,1757647706.087,89,678.7,
2025-09-11 20:28:27,1757647707.083,89,692.4,
2025-09-11 20:28:28,1757647708.068,88,721.7;708.0,
2025-09-11 20:28:29,1757647709.052,88,684.6,
2025-09-11 20:28:30,1757647710.048,88,676.8;665.0,
2025-09-11 20:28:31,1757647711.032,89,646.5;631.8;637.7,
2025-09-11 20:28:32,1757647712.020,90,487.3,
2025-09-11 20:28:33,1757647713.017,91,764.6,
2025-09-11 20:28:33,1757647713.999,93,606.4;602.5,
2025-09-11 20:28:35,1757647715.001,93,602.5,
2025-09-11 20:28:35,1757647715.988,96,612.3;617.2,
2025-09-11 20:28:36,1757647716.974,96,629.9,
2025-09-11 20:28:37,1757647717.959,96,655.3,
2025-09-11 20:28:38,1757647718.959,94,708.0;704.1,
2025-09-11 20:28:39,1757647719.947,93,744.1,
2025-09-11 20:28:40,1757647720.933,89,747.1;723.6,
2025-09-11 20:28:41,1757647721.932,88,684.6,
2025-09-11 20:28:42,1757647722.918,88,693.4;692.4,
2025-09-11 20:28:43,1757647723.903,88,676.8,
2025-09-11 20:28:44,1757647724.889,88,662.1;671.9,
2025-09-11 20:28:45,1757647725.890,88,671.9,
2025-09-11 20:28:46,1757647726.870,88,669.9,
2025-09-11 20:28:47,1757647727.870,87,719.7;755.9;732.4,
2025-09-11 20:28:48,1757647728.857,86,309.6,
2025-09-11 20:28:49,1757647729.840,83,480.5;552.7,
2025-09-11 20:28:50,1757647730.839,83,642.6;617.2,
2025-09-11 20:28:51,1757647731.823,86,610.4,
2025-09-11 20:28:53,1757647733.804,90,603.5;610.4,
2025-09-11 20:28:53,1757647733.805,92,625.0,
2025-09-11 20:28:54,1757647734.789,93,639.6;651.4,
2025-09-11 20:28:55,1757647735.787,93,672.9,
2025-09-11 20:28:56,1757647736.771,92,673.8;659.2,
2025-09-11 20:28:57,1757647737.774,92,665.0,
2025-09-11 20:28:58,1757647738.762,91,678.7;665.0,
2025-09-11 20:28:59,1757647739.744,91,631.8;626.0,
2025-09-11 20:29:00,1757647740.729,92,623.0,
2025-09-11 20:29:01,1757647741.731,93,610.4;594.7,
2025-09-11 20:29:02,1757647742.716,95,591.8;584.0,
2025-09-11 20:29:03,1757647743.713,97,573.2,
2025-09-11 20:29:04,1757647744.693,99,567.4;563.5,
2025-09-11 20:29:06,1757647746.184,101,566.4,
2025-09-11 20:29:07,1757647747.168,102,594.7;668.0,
2025-09-11 20:29:08,1757647748.165,101,722.7,
2025-09-11 20:29:09,1757647749.155,95,836.9,
2025-09-11 20:29:10,1757647750.138,88,880.9,
2025-09-11 20:29:11,1757647751.136,82,884.8,
2025-09-11 20:29:12,1757647752.121,79,900.4;878.9,
2025-09-11 20:29:13,1757647753.118,78,798.8,
2025-09-11 20:29:14,1757647754.100,77,733.4,
2025-09-11 20:29:15,1757647755.098,78,711.9;695.3,
2025-09-11 20:29:16,1757647756.081,79,684.6,
2025-09-11 20:29:17,1757647757.077,80,691.4;725.6,
2025-09-11 20:29:18,1757647758.058,81,755.9,
2025-09-11 20:29:19,1757647759.057,81,718.8,
2025-09-11 20:29:20,1757647760.040,81,720.7;747.1,
2025-09-11 20:29:21,1757647761.025,81,726.6,
2025-09-11 20:29:22,1757647762.024,81,705.1;716.8,
2025-09-11 20:29:23,1757647763.009,82,700.2,
2025-09-11 20:29:23,1757647763.996,83,670.9;659.2,
2025-09-11 20:29:24,1757647764.996,84,682.6,
2025-09-11 20:29:25,1757647765.978,84,706.1,
2025-09-11 20:29:26,1757647766.978,85,695.3;710.9,
2025-09-11 20:29:27,1757647767.966,85,748.0,
2025-09-11 20:29:28,1757647768.949,84,737.3,
2025-09-11 20:29:29,1757647769.937,84,722.7;737.3,
2025-09-11 20:29:30,1757647770.936,84,719.7,
2025-09-11 20:29:31,1757647771.919,84,677.7;667.0,
2025-09-11 20:29:32,1757647772.919,86,664.1;644.5;488.3,
2025-09-11 20:29:33,1757647773.902,86,,
2025-09-11 20:29:34,1757647774.885,88,757.8;624.0,
2025-09-11 20:29:35,1757647775.882,88,619.1,
2025-09-11 20:29:36,1757647776.880,91,619.1;633.8,
2025-09-11 20:29:37,1757647777.866,92,653.3,
2025-09-11 20:29:38,1757647778.847,92,664.1;665.0,
2025-09-11 20:29:39,1757647779.844,92,676.8,
2025-09-11 20:29:40,1757647780.828,91,684.6,
2025-09-11 20:29:42,1757647782.812,91,650.4;1260.7;598.6,
2025-09-11 20:29:42,1757647782.812,92,593.8,
2025-09-11 20:29:44,1757647784.796,95,321.3;270.5,
2025-09-11 20:29:44,1757647784.796,97,592.8;603.5,
2025-09-11 20:29:45,1757647785.776,97,632.8,
2025-09-11 20:29:46,1757647786.774,97,663.1,
2025-09-11 20:29:47,1757647787.759,95,686.5;722.7,
2025-09-11 20:29:48,1757647788.759,93,747.1,
2025-09-11 20:29:49,1757647789.746,91,751.0,
2025-09-11 20:29:50,1757647790.733,88,734.4;740.2,
2025-09-11 20:29:51,1757647791.717,87,727.5,
2025-09-11 20:29:52,1757647792.717,86,711.9;711.9,
2025-09-11 20:29:53,1757647793.699,86,729.5,
2025-09-11 20:29:55,1757647795.684,86,722.7,
2025-09-11 20:29:56,1757647796.185,85,728.5;711.9,
2025-09-11 20:29:57,1757647797.165,85,740.2,
2025-09-11 20:29:58,1757647798.149,84,780.3,
2025-09-11 20:29:59,1757647799.148,84,820.3,
2025-09-11 20:30:00,1757647800.144,82,781.2;795.9,
2025-09-11 20:30:01,1757647801.131,81,797.9,
2025-09-11 20:30:02,1757647802.116,81,775.4,
2025-09-11 20:30:03,1757647803.114,80,741.2;756.8,
2025-09-11 20:30:04,1757647804.096,80,764.6,
2025-09-11 20:30:05,1757647805.079,80,716.8,
2025-09-11 20:30:06,1757647806.076,80,742.2;769.5,
2025-09-11 20:30:07,1757647807.061,80,733.4,
2025-09-11 20:30:08,1757647808.057,80,722.7,
2025-09-11 20:30:09,1757647809.045,81,719.7;733.4,
2025-09-11 20:30:10,1757647810.041,81,801.8,
2025-09-11 20:30:11,1757647811.023,81,789.1,
2025-09-11 20:30:12,1757647812.019,80,759.8;709.0,
2025-09-11 20:30:13,1757647813.006,80,748.0,
2025-09-11 20:30:13,1757647813.990,80,752.9,
2025-09-11 20:30:14,1757647814.989,80,772.5;737.3,
2025-09-11 20:30:15,1757647815.972,80,770.5,
2025-09-11 20:30:16,1757647816.972,80,777.3,
2025-09-11 20:30:17,1757647817.959,80,800.8,
2025-09-11 20:30:18,1757647818.942,79,766.6;813.5,
2025-09-11 20:30:19,1757647819.944,79,819.3,
2025-09-11 20:30:20,1757647820.930,78,829.1,
2025-09-11 20:30:21,1757647821.912,78,776.4,
2025-09-11 20:30:22,1757647822.911,77,807.6;796.9,
2025-09-11 20:30:23,1757647823.896,77,777.3,
2025-09-11 20:30:24,1757647824.890,77,777.3,
2025-09-11 20:30:25,1757647825.875,77,790.0,
2025-09-11 20:30:26,1757647826.874,77,823.2;804.7,
2025-09-11 20:30:27,1757647827.861,76,814.5,
2025-09-11 20:30:28,1757647828.842,76,836.9,
2025-09-11 20:30:29,1757647829.843,76,826.2,
2025-09-11 20:30:30,1757647830.831,76,752.9;757.8,
2025-09-11 20:30:32,1757647832.811,76,753.9,
2025-09-11 20:30:32,1757647832.812,76,765.6,
2025-09-11 20:30:34,1757647834.789,77,740.2;773.4,
2025-09-11 20:30:34,1757647834.789,77,803.7,
2025-09-11 20:30:35,1757647835.778,77,798.8,
2025-09-11 20:30:36,1757647836.765,77,760.7;773.4,
2025-09-11 20:30:37,1757647837.761,77,768.6,
2025-09-11 20:30:38,1757647838.740,77,737.3,
2025-09-11 20:30:39,1757647839.743,78,738.3;749.0,
2025-09-11 20:30:40,1757647840.730,78,763.7,
2025-09-11 20:30:41,1757647841.712,78,734.4,
2025-09-11 20:30:42,1757647842.714,79,722.7;717.8,
2025-09-11 20:30:43,1757647843.697,79,729.5,
2025-09-11 20:30:45,1757647845.180,80,722.7,
2025-09-11 20:30:46,1757647846.179,80,749.0;764.6,
2025-09-11 20:30:47,1757647847.158,80,750.0,
2025-09-11 20:30:48,1757647848.157,80,739.3,
2025-09-11 20:30:49,1757647849.142,80,741.2;746.1,
2025-09-11 20:30:51,1757647851.125,80,728.5,
2025-09-11 20:30:51,1757647851.125,80,755.9,
2025-09-11 20:30:52,1757647852.113,80,795.9;746.1,
2025-09-11 20:30:53,1757647853.096,80,735.4,
2025-09-11 20:30:54,1757647854.099,80,737.3;723.6,
2025-09-11 20:30:55,1757647855.081,80,709.0,
2025-09-11 20:30:56,1757647856.064,81,727.5,
2025-09-11 20:30:57,1757647857.067,81,730.5;710.0,
2025-09-11 20:30:58,1757647858.051,81,718.8,
2025-09-11 20:30:59,1757647859.039,82,729.5,
2025-09-11 20:31:00,1757647860.032,82,724.6;728.5,
2025-09-11 20:31:01,1757647861.018,82,742.2,
2025-09-11 20:31:02,1757647862.018,82,758.8,
2025-09-11 20:31:03,1757647863.003,81,745.1;725.6,
2025-09-11 20:31:03,1757647863.999,81,731.4,
2025-09-11 20:31:04,1757647864.979,82,734.4;730.5,
2025-09-11 20:31:05,1757647865.965,82,745.1,
2025-09-11 20:31:06,1757647866.959,82,751.0,
2025-09-11 20:31:07,1757647867.957,81,762.7,
2025-09-11 20:31:08,1757647868.941,81,776.4;750.0,
2025-09-11 20:31:09,1757647869.939,81,758.8,
2025-09-11 20:31:10,1757647870.923,80,757.8;745.1,
2025-09-11 20:31:11,1757647871.920,80,718.8,
2025-09-11 20:31:12,1757647872.903,81,720.7,
2025-09-11 20:31:13,1757647873.887,81,743.2,
2025-09-11 20:31:14,1757647874.888,81,775.4;769.5,
2025-09-11 20:31:15,1757647875.875,80,769.5,
2025-09-11 20:31:16,1757647876.861,80,776.4;764.6,
2025-09-11 20:31:17,1757647877.846,80,734.4,
2025-09-11 20:31:18,1757647878.849,80,716.8,
2025-09-11 20:31:19,1757647879.832,80,714.8;739.3,
2025-09-11 20:31:20,1757647880.815,81,751.0,
2025-09-11 20:31:22,1757647882.802,81,711.9,
2025-09-11 20:31:22,1757647882.802,81,743.2;754.9,
2025-09-11 20:31:24,1757647884.292,81,741.2,
2025-09-11 20:31:24,1757647884.775,81,702.1;694.3,
2025-09-11 20:31:25,1757647885.777,82,703.1,
2025-09-11 20:31:26,1757647886.761,82,716.8,
2025-09-11 20:31:27,1757647887.746,82,714.8;708.0,
2025-09-11 20:31:28,1757647888.745,83,729.5,
2025-09-11 20:31:29,1757647889.731,83,734.4;708.0,
2025-09-11 20:31:30,1757647890.715,83,688.5,
2025-09-11 20:31:31,1757647891.714,84,681.6;694.3,
2025-09-11 20:31:32,1757647892.702,84,698.2,
2025-09-11 20:31:34,1757647894.183,84,682.6,
2025-09-11 20:31:35,1757647895.182,85,691.4;696.3,
2025-09-11 20:31:36,1757647896.166,85,707.0,
2025-09-11 20:31:37,1757647897.149,85,703.1;700.2,
2025-09-11 20:31:38,1757647898.149,85,707.0,
2025-09-11 20:31:39,1757647899.132,85,729.5,
2025-09-11 20:31:41,1757647901.119,85,729.5;738.3,
2025-09-11 20:31:41,1757647901.119,84,737.3,
2025-09-11 20:31:42,1757647902.103,84,735.4,
2025-09-11 20:31:43,1757647903.102,84,713.9;705.1,
2025-09-11 20:31:44,1757647904.087,84,703.1,
2025-09-11 20:31:45,1757647905.084,84,711.9;701.2,
2025-09-11 20:31:46,1757647906.065,84,697.3,
2025-09-11 20:31:47,1757647907.064,84,703.1;719.7,
2025-09-11 20:31:48,1757647908.045,84,734.4,
2025-09-11 20:31:49,1757647909.043,84,703.1,
2025-09-11 20:31:50,1757647910.029,84,734.4;738.3,
2025-09-11 20:31:51,1757647911.013,84,683.6,
2025-09-11 20:31:52,1757647912.012,84,685.5,
2025-09-11 20:31:52,1757647912.996,84,711.9;721.7,
2025-09-11 20:31:53,1757647913.981,84,744.1,
2025-09-11 20:31:54,1757647914.983,84,755.9;745.1,
2025-09-11 20:31:55,1757647915.964,83,710.0,
2025-09-11 20:31:56,1757647916.960,83,704.1;688.5,
2025-09-11 20:31:57,1757647917.946,84,658.2,
2025-09-11 20:31:58,1757647918.933,85,659.2;658.2,
2025-09-11 20:31:59,1757647919.935,86,687.5,
2025-09-11 20:32:00,1757647920.921,86,721.7,
2025-09-11 20:32:01,1757647921.905,86,768.6,
2025-09-11 20:32:02,1757647922.901,85,747.1;792.0,
2025-09-11 20:32:03,1757647923.885,84,806.6,
2025-09-11 20:32:05,1757647925.366,83,807.6,
2025-09-11 20:32:05,1757647925.867,81,752.0;753.9,
2025-09-11 20:32:06,1757647926.850,81,729.5,
2025-09-11 20:32:07,1757647927.851,81,714.8,
2025-09-11 20:32:08,1757647928.835,82,717.8;731.4,
2025-09-11 20:32:09,1757647929.831,82,774.4,
2025-09-11 20:32:11,1757647931.802,81,795.9,
2025-09-11 20:32:11,1757647931.802,81,854.5,
2025-09-11 20:32:13,1757647933.785,80,869.1,
2025-09-11 20:32:13,1757647933.797,78,867.2;802.7,
2025-09-11 20:32:14,1757647934.771,77,786.1,
2025-09-11 20:32:15,1757647935.770,77,766.6;728.5,
2025-09-11 20:32:16,1757647936.750,78,720.7,
2025-09-11 20:32:17,1757647937.748,78,715.8,
2025-09-11 20:32:18,1757647938.732,79,739.3,
2025-09-11 20:32:19,1757647939.732,79,749.0;823.2,
2025-09-11 20:32:20,1757647940.717,79,834.0,
2025-09-11 20:32:21,1757647941.703,78,793.0,
2025-09-11 20:32:22,1757647942.702,78,821.3,
2025-09-11 20:32:24,1757647944.187,77,793.0;772.5,
2025-09-11 20:32:25,1757647945.170,77,727.5,
2025-09-11 20:32:26,1757647946.169,78,719.7;714.8,
2025-09-11 20:32:27,1757647947.151,79,710.9,
2025-09-11 20:32:28,1757647948.153,79,683.6,
2025-09-11 20:32:29,1757647949.136,80,709.0;744.1,
2025-09-11 20:32:30,1757647950.118,81,774.4,
2025-09-11 20:32:32,1757647952.099,80,754.9,
2025-09-11 20:32:32,1757647952.099,80,759.8;752.0,
2025-09-11 20:32:33,1757647953.094,80,731.4,
2025-09-11 20:32:34,1757647954.076,81,686.5;677.7,
2025-09-11 20:32:35,1757647955.074,81,671.9,
2025-09-11 20:32:36,1757647956.073,83,666.0;676.8,
2025-09-11 20:32:37,1757647957.059,84,690.4,
2025-09-11 20:32:38,1757647958.038,84,707.0;692.4,
2025-09-11 20:32:39,1757647959.040,85,704.1,
2025-09-11 20:32:40,1757647960.028,85,709.0,
2025-09-11 20:32:41,1757647961.013,85,723.6;712.9,
2025-09-11 20:32:41,1757647961.997,85,735.4,
2025-09-11 20:32:42,1757647962.995,84,754.9,
2025-09-11 20:32:43,1757647963.979,83,776.4;753.9,
2025-09-11 20:32:44,1757647964.980,83,769.5,
2025-09-11 20:32:45,1757647965.962,82,746.1,
2025-09-11 20:32:46,1757647966.945,82,748.0;739.3,
2025-09-11 20:32:47,1757647967.940,82,723.6,
2025-09-11 20:32:48,1757647968.928,82,723.6,
2025-09-11 20:32:49,1757647969.926,82,717.8;707.0,
2025-09-11 20:32:50,1757647970.910,82,712.9,
2025-09-11 20:32:51,1757647971.909,83,715.8;739.3,
2025-09-11 20:32:52,1757647972.893,83,731.4,
2025-09-11 20:32:53,1757647973.881,83,719.7,
2025-09-11 20:32:54,1757647974.865,83,719.7;723.6,
2025-09-11 20:32:55,1757647975.865,83,736.3,
2025-09-11 20:32:56,1757647976.848,83,716.8;732.4,
2025-09-11 20:32:58,1757647978.834,83,720.7,
2025-09-11 20:32:58,1757647978.834,83,721.7,
2025-09-11 20:32:59,1757647979.819,83,688.5;704.1,
2025-09-11 20:33:01,1757647981.805,83,728.5,
2025-09-11 20:33:01,1757647981.805,83,765.6,
2025-09-11 20:33:03,1757647983.775,83,770.5,
2025-09-11 20:33:03,1757647983.792,82,788.1;802.7,
2025-09-11 20:33:04,1757647984.775,81,819.3,
2025-09-11 20:33:05,1757647985.757,80,798.8;737.3,
2025-09-11 20:33:06,1757647986.753,80,694.3,
2025-09-11 20:33:07,1757647987.735,81,671.9;667.0,
2025-09-11 20:33:08,1757647988.734,82,656.2,
2025-09-11 20:33:09,1757647989.715,83,677.7,
2025-09-11 20:33:10,1757647990.719,84,734.4,
2025-09-11 20:33:11,1757647991.707,83,775.4;793.0,
2025-09-11 20:33:12,1757647992.690,82,754.9,
2025-09-11 20:33:14,1757647994.176,82,758.8;744.1,
2025-09-11 20:33:15,1757647995.175,81,728.5,
2025-09-11 20:33:16,1757647996.159,81,721.7,
2025-09-11 20:33:17,1757647997.155,82,712.9;719.7,
2025-09-11 20:33:18,1757647998.138,82,726.6,
2025-09-11 20:33:19,1757647999.124,82,740.2,
2025-09-11 20:33:20,1757648000.124,82,763.7;743.2,
2025-09-11 20:33:21,1757648001.111,82,756.8,
2025-09-11 20:33:22,1757648002.094,81,742.2;719.7,
2025-09-11 20:33:23,1757648003.088,81,704.1,
2025-09-11 20:33:24,1757648004.075,82,676.8,
2025-09-11 20:33:25,1757648005.071,83,672.9;686.5,
2025-09-11 20:33:26,1757648006.054,84,688.5,
2025-09-11 20:33:27,1757648007.050,84,723.6,
2025-09-11 20:33:28,1757648008.031,84,755.9;782.2,
2025-09-11 20:33:29,1757648009.043,83,770.5,
2025-09-11 20:33:30,1757648010.013,82,798.8,
2025-09-11 20:33:31,1757648011.011,81,786.1;762.7,
2025-09-11 20:33:31,1757648011.993,81,734.4,
2025-09-11 20:33:32,1757648012.992,81,739.3,
2025-09-11 20:33:33,1757648013.972,81,735.4;748.0,
2025-09-11 20:33:34,1757648014.967,81,721.7,
2025-09-11 20:33:35,1757648015.963,81,741.2,
2025-09-11 20:33:36,1757648016.943,81,759.8;799.8,
2025-09-11 20:33:37,1757648017.939,80,794.9,
2025-09-11 20:33:38,1757648018.922,80,801.8,
2025-09-11 20:33:39,1757648019.920,79,789.1,
2025-09-11 20:33:41,1757648021.400,79,772.5;724.6,
2025-09-11 20:33:41,1757648021.900,79,736.3,
2025-09-11 20:33:42,1757648022.882,80,719.7;733.4,
2025-09-11 20:33:43,1757648023.881,80,717.8;742.2,
2025-09-11 20:33:44,1757648024.865,80,,
2025-09-11 20:33:45,1757648025.863,81,716.8;717.8,
2025-09-11 20:33:46,1757648026.848,81,715.8,
2025-09-11 20:33:47,1757648027.832,82,696.3;691.4,
2025-09-11 20:33:48,1757648028.820,82,697.3,
2025-09-11 20:33:49,1757648029.819,83,684.6;678.7,
2025-09-11 20:33:50,1757648030.801,84,674.8,
2025-09-11 20:33:52,1757648032.783,85,677.7;682.6,
2025-09-11 20:33:53,1757648033.283,85,676.8,
2025-09-11 20:33:53,1757648033.781,86,688.5,
2025-09-11 20:33:54,1757648034.775,86,712.9;727.5,
2025-09-11 20:33:55,1757648035.760,86,717.8,
2025-09-11 20:33:56,1757648036.747,85,728.5,
2025-09-11 20:33:57,1757648037.746,85,722.7;734.4,
2025-09-11 20:33:58,1757648038.732,84,750.0,
2025-09-11 20:33:59,1757648039.715,84,734.4,
2025-09-11 20:34:00,1757648040.700,83,774.4;777.3,
2025-09-11 20:34:01,1757648041.697,82,821.3,
2025-09-11 20:34:03,1757648043.176,82,801.8,
2025-09-11 20:34:04,1757648044.172,81,812.5,
2025-09-11 20:34:05,1757648045.157,79,807.6;797.9,
2025-09-11 20:34:06,1757648046.159,79,773.4,
2025-09-11 20:34:07,1757648047.141,79,783.2,
2025-09-11 20:34:08,1757648048.126,78,775.4;762.7,
2025-09-11 20:34:09,1757648049.126,78,744.1,
2025-09-11 20:34:10,1757648050.110,79,764.6,
2025-09-11 20:34:11,1757648051.107,79,772.5,
2025-09-11 20:34:12,1757648052.094,79,755.9;769.5,
2025-09-11 20:34:13,1757648053.078,79,778.3,
2025-09-11 20:34:14,1757648054.080,78,779.3,
2025-09-11 20:34:15,1757648055.066,78,755.9;762.7,
2025-09-11 20:34:17,1757648057.049,78,750.0,
2025-09-11 20:34:17,1757648057.049,78,740.2,
2025-09-11 20:34:18,1757648058.034,79,717.8;729.5,
2025-09-11 20:34:19,1757648059.018,79,737.3,
2025-09-11 20:34:20,1757648060.018,80,763.7,
2025-09-11 20:34:20,1757648060.999,80,768.6;802.7,
2025-09-11 20:34:21,1757648061.999,79,808.6,
2025-09-11 20:34:22,1757648062.980,79,810.5,
2025-09-11 20:34:23,1757648063.979,78,785.2,
2025-09-11 20:34:24,1757648064.968,78,776.4;759.8,
2025-09-11 20:34:25,1757648065.948,78,722.7,
2025-09-11 20:34:26,1757648066.950,79,717.8;712.9,
2025-09-11 20:34:27,1757648067.930,79,728.5,
2025-09-11 20:34:28,1757648068.916,80,747.1,
2025-09-11 20:34:29,1757648069.917,80,752.9,
2025-09-11 20:34:30,1757648070.903,80,800.8;821.3,
2025-09-11 20:34:31,1757648071.886,79,822.3,
2025-09-11 20:34:32,1757648072.888,78,794.9,
2025-09-11 20:34:33,1757648073.874,78,789.1;770.5,
2025-09-11 20:34:34,1757648074.856,78,752.0,
2025-09-11 20:34:35,1757648075.855,78,732.4,
2025-09-11 20:34:36,1757648076.837,79,728.5;731.4,
2025-09-11 20:34:37,1757648077.839,79,746.1,
2025-09-11 20:34:38,1757648078.819,79,748.0,
2025-09-11 20:34:40,1757648080.805,79,772.5,
2025-09-11 20:34:40,1757648080.805,79,786.1;794.9,
2025-09-11 20:34:42,1757648082.788,79,824.2,
2025-09-11 20:34:42,1757648082.788,78,806.6,
2025-09-11 20:34:43,1757648083.774,77,798.8;754.9,
2025-09-11 20:34:44,1757648084.758,77,766.6,
2025-09-11 20:34:45,1757648085.759,78,759.8,
2025-09-11 20:34:46,1757648086.745,78,762.7;721.7,
2025-09-11 20:34:47,1757648087.729,78,732.4,
2025-09-11 20:34:48,1757648088.731,79,734.4,
2025-09-11 20:34:49,1757648089.717,79,752.0;732.4,
2025-09-11 20:34:50,1757648090.702,79,766.6,
2025-09-11 20:34:51,1757648091.686,79,778.3,
2025-09-11 20:34:53,1757648093.183,79,769.5;751.0,
2025-09-11 20:34:54,1757648094.172,79,726.6,
2025-09-11 20:34:55,1757648095.151,80,711.9;684.6,
2025-09-11 20:34:56,1757648096.148,80,675.8,
2025-09-11 20:34:57,1757648097.134,81,678.7,
2025-09-11 20:34:58,1757648098.134,83,688.5;693.4,
2025-09-11 20:34:59,1757648099.123,83,735.4,
2025-09-11 20:35:00,1757648100.109,83,746.1;724.6,
2025-09-11 20:35:01,1757648101.092,83,727.5,
2025-09-11 20:35:02,1757648102.094,83,725.6,
2025-09-11 20:35:03,1757648103.084,83,711.9;712.9,
2025-09-11 20:35:04,1757648104.071,83,712.9,
2025-09-11 20:35:05,1757648105.555,83,720.7;706.1,
2025-09-11 20:35:06,1757648106.053,83,718.8,
2025-09-11 20:35:08,1757648108.033,83,716.8,
2025-09-11 20:35:08,1757648108.035,83,724.6;705.1,
2025-09-11 20:35:09,1757648109.018,83,710.9,
2025-09-11 20:35:10,1757648110.002,84,705.1;712.9,
2025-09-11 20:35:11,1757648111.000,84,664.1,
2025-09-11 20:35:11,1757648111.990,84,677.7,
2025-09-11 20:35:12,1757648112.974,85,684.6;711.9,
2025-09-11 20:35:13,1757648113.962,85,723.6,
2025-09-11 20:35:14,1757648114.959,85,700.2;700.2,
2025-09-11 20:35:15,1757648115.955,85,701.2,
2025-09-11 20:35:16,1757648116.941,85,725.6;708.0,
2025-09-11 20:35:17,1757648117.928,85,723.6,
2025-09-11 20:35:18,1757648118.918,85,721.7,
2025-09-11 20:35:19,1757648119.913,84,718.8;708.0,
2025-09-11 20:35:20,1757648120.900,84,728.5,
2025-09-11 20:35:21,1757648121.887,84,741.2,
2025-09-11 20:35:22,1757648122.886,84,747.1;744.1,
2025-09-11 20:35:23,1757648123.873,83,767.6,
2025-09-11 20:35:24,1757648124.857,83,798.8,
2025-09-11 20:35:25,1757648125.856,82,805.7,
2025-09-11 20:35:26,1757648126.839,81,769.5;778.3,
2025-09-11 20:35:27,1757648127.827,80,774.4,
2025-09-11 20:35:28,1757648128.812,80,764.6,
2025-09-11 20:35:30,1757648130.801,80,741.2;746.1,
2025-09-11 20:35:30,1757648130.801,80,730.5,
2025-09-11 20:35:31,1757648131.787,80,714.8;716.8,
2025-09-11 20:35:32,1757648132.783,81,728.5,
2025-09-11 20:35:33,1757648133.767,81,758.8,
2025-09-11 20:35:34,1757648134.765,81,756.8;740.2,
2025-09-11 20:35:35,1757648135.748,81,752.0,
2025-09-11 20:35:36,1757648136.733,81,749.0,
2025-09-11 20:35:37,1757648137.721,81,731.4;758.8,
2025-09-11 20:35:38,1757648138.723,81,754.9,
2025-09-11 20:35:39,1757648139.706,81,759.8,
2025-09-11 20:35:40,1757648140.691,80,725.6;743.2,
2025-09-11 20:35:42,1757648142.178,81,740.2,
2025-09-11 20:35:43,1757648143.179,81,744.1,
2025-09-11 20:35:44,1757648144.162,81,743.2,
2025-09-11 20:35:45,1757648145.149,80,787.1;824.2,
2025-09-11 20:35:46,1757648146.150,80,854.5,
2025-09-11 20:35:47,1757648147.132,79,839.8,
2025-09-11 20:35:48,1757648148.116,78,822.3,
2025-09-11 20:35:49,1757648149.112,77,813.5;791.0,
2025-09-11 20:35:50,1757648150.109,77,737.3,
2025-09-11 20:35:51,1757648151.095,78,721.7;703.1,
2025-09-11 20:35:52,1757648152.077,78,689.5,
2025-09-11 20:35:53,1757648153.077,80,684.6;692.4,
2025-09-11 20:35:54,1757648154.062,81,692.4,
2025-09-11 20:35:55,1757648155.058,81,691.4,
2025-09-11 20:35:56,1757648156.044,82,703.1;734.4,
2025-09-11 20:35:57,1757648157.029,82,759.8,
2025-09-11 20:35:58,1757648158.029,82,761.7,
2025-09-11 20:35:59,1757648159.014,81,771.5;761.7,
2025-09-11 20:36:00,1757648160.011,81,765.6,
2025-09-11 20:36:00,1757648160.998,81,738.3,
2025-09-11 20:36:01,1757648161.985,81,717.8;711.9,
2025-09-11 20:36:02,1757648162.970,81,699.2,
2025-09-11 20:36:03,1757648163.959,82,684.6;687.5,
2025-09-11 20:36:04,1757648164.959,83,708.0,
2025-09-11 20:36:05,1757648165.944,83,743.2,
2025-09-11 20:36:06,1757648166.929,83,,
2025-09-11 20:36:07,1757648167.927,83,773.4;803.7,
2025-09-11 20:36:08,1757648168.915,82,1546.9,
2025-09-11 20:36:09,1757648169.903,80,729.5;695.3,
2025-09-11 20:36:10,1757648170.892,84,648.4;640.6;334.0,
2025-09-11 20:36:11,1757648171.876,88,293.9;605.5;437.5,
2025-09-11 20:36:12,1757648172.877,89,505.9,
2025-09-11 20:36:13,1757648173.863,90,713.9,
2025-09-11 20:36:14,1757648174.859,90,,
2025-09-11 20:36:15,1757648175.841,90,,
2025-09-11 20:36:16,1757648176.827,90,,
2025-09-11 20:36:17,1757648177.826,91,386.7;441.4,
2025-09-11 20:36:18,1757648178.809,91,3551.8;280.3,
2025-09-11 20:36:20,1757648180.791,92,1087.9,
2025-09-11 20:36:20,1757648180.791,92,534.2;530.3,
2025-09-11 20:36:21,1757648181.787,92,530.3,
2025-09-11 20:36:22,1757648182.776,93,698.2,
2025-09-11 20:36:23,1757648183.760,93,334.0;1530.3,
2025-09-11 20:36:24,1757648184.746,93,,
2025-09-11 20:36:25,1757648185.744,94,590.8;340.8,
2025-09-11 20:36:26,1757648186.727,94,1565.4;482.4,
